,Effective Date,Rate Type,Rate (%),1st Percentile (%),25th Percentile (%),75th Percentile (%),99th Percentile (%),Volume ($Billions),Target Rate From (%),Target Rate To (%),Intra Day - Low (%),Intra Day - High (%),Standard Deviation (%),30-Day Average SOFR,90-Day Average SOFR,180-Day Average SOFR,SOFR Index,Revision Indicator (Y/N),Footnote ID
0,2025-10-09,SOFR,4.13,4.08,4.1,4.19,4.21,2923,,,,,,,,,,,
1,2025-10-08,SOFR,4.12,4.08,4.09,4.18,4.2,2924,,,,,,,,,,,
2,2025-10-07,SOFR,4.14,4.09,4.12,4.2,4.23,2946,,,,,,,,,,,
3,2025-10-06,SOFR,4.15,4.09,4.13,4.21,4.24,2981,,,,,,,,,,,
4,2025-10-03,SOFR,4.18,4.12,4.16,4.25,4.27,3018,,,,,,,,,,,
5,2025-10-02,SOFR,4.2,4.14,4.17,4.26,4.28,3022,,,,,,,,,,,
6,2025-10-01,SOFR,4.2,4.13,4.16,4.25,4.29,3075,,,,,,,,,,,
7,2025-09-30,SOFR,4.24,4.14,4.2,4.31,4.38,3148,,,,,,,,,,,
8,2025-09-29,SOFR,4.13,4.08,4.12,4.21,4.24,2893,,,,,,,,,,,
9,2025-09-26,SOFR,4.16,4.1,4.14,4.22,4.26,2917,,,,,,,,,,,
10,2025-09-25,SOFR,4.18,4.1,4.17,4.26,4.28,2965,,,,,,,,,,,
11,2025-09-24,SOFR,4.13,4.08,4.12,4.2,4.23,2852,,,,,,,,,,,
12,2025-09-23,SOFR,4.12,4.05,4.09,4.18,4.2,2877,,,,,,,,,,,
13,2025-09-22,SOFR,4.14,4.09,4.12,4.2,4.23,2906,,,,,,,,,,,
14,2025-09-19,SOFR,4.14,4.08,4.12,4.21,4.23,2881,,,,,,,,,,,
15,2025-09-18,SOFR,4.14,4.08,4.11,4.2,4.39,2894,,,,,,,,,,,
16,2025-09-17,SOFR,4.38,4.33,4.35,4.43,4.46,2853,,,,,,,,,,,
17,2025-09-16,SOFR,4.39,4.34,4.36,4.45,4.51,2857,,,,,,,,,,,
18,2025-09-15,SOFR,4.51,4.38,4.5,4.62,4.68,2877,,,,,,,,,,,
19,2025-09-12,SOFR,4.42,4.36,4.4,4.48,4.53,2830,,,,,,,,,,,
20,2025-09-11,SOFR,4.41,4.35,4.38,4.46,4.5,2828,,,,,,,,,,,
21,2025-09-10,SOFR,4.39,4.34,4.37,4.45,4.48,2800,,,,,,,,,,,
22,2025-09-09,SOFR,4.4,4.35,4.38,4.46,4.49,2863,,,,,,,,,,,
23,2025-09-08,SOFR,4.4,4.35,4.39,4.47,4.5,2872,,,,,,,,,,,
24,2025-09-05,SOFR,4.42,4.35,4.4,4.49,4.52,2847,,,,,,,,,,,
25,2025-09-04,SOFR,4.41,4.35,4.38,4.47,4.5,2834,,,,,,,,,,,
26,2025-09-03,SOFR,4.39,4.34,4.36,4.45,4.48,2880,,,,,,,,,,,
27,2025-09-02,SOFR,4.39,4.34,4.36,4.46,4.5,2947,,,,,,,,,,,
28,2025-08-29,SOFR,4.34,4.3,4.33,4.4,4.44,2880,,,,,,,,,,,
29,2025-08-28,SOFR,4.34,4.3,4.33,4.4,4.44,2870,,,,,,,,,,,
30,2025-08-27,SOFR,4.36,4.32,4.35,4.42,4.47,2889,,,,,,,,,,,
31,2025-08-26,SOFR,4.38,4.32,4.37,4.44,4.49,2820,,,,,,,,,,,
32,2025-08-25,SOFR,4.37,4.3,4.36,4.43,4.47,2825,,,,,,,,,,,
33,2025-08-22,SOFR,4.36,4.3,4.35,4.42,4.46,2738,,,,,,,,,,,
34,2025-08-21,SOFR,4.32,4.28,4.31,4.39,4.42,2702,,,,,,,,,,,
35,2025-08-20,SOFR,4.31,4.28,4.3,4.37,4.4,2704,,,,,,,,,,,
36,2025-08-19,SOFR,4.33,4.29,4.31,4.38,4.42,2760,,,,,,,,,,,
37,2025-08-18,SOFR,4.34,4.3,4.33,4.4,4.44,2810,,,,,,,,,,,
38,2025-08-15,SOFR,4.36,4.32,4.34,4.42,4.46,2821,,,,,,,,,,,
39,2025-08-14,SOFR,4.34,4.3,4.32,4.4,4.43,2767,,,,,,,,,,,
40,2025-08-13,SOFR,4.33,4.29,4.32,4.39,4.43,2796,,,,,,,,,,,
41,2025-08-12,SOFR,4.36,4.3,4.34,4.41,4.46,2804,,,,,,,,,,,
42,2025-08-11,SOFR,4.34,4.29,4.33,4.4,4.44,2796,,,,,,,,,,,
43,2025-08-08,SOFR,4.35,4.3,4.33,4.4,4.43,2817,,,,,,,,,,,
44,2025-08-07,SOFR,4.35,4.31,4.33,4.41,4.44,2855,,,,,,,,,,,
45,2025-08-06,SOFR,4.34,4.28,4.32,4.39,4.43,2866,,,,,,,,,,,
46,2025-08-05,SOFR,4.34,4.29,4.33,4.4,4.43,2863,,,,,,,,,,,
47,2025-08-04,SOFR,4.33,4.28,4.31,4.38,4.42,2828,,,,,,,,,,,
48,2025-08-01,SOFR,4.34,4.28,4.32,4.39,4.42,2885,,,,,,,,,,,
49,2025-07-31,SOFR,4.39,4.3,4.36,4.45,4.48,2933,,,,,,,,,,,
50,2025-07-30,SOFR,4.32,4.28,4.31,4.38,4.42,2727,,,,,,,,,,,
51,2025-07-29,SOFR,4.36,4.3,4.34,4.42,4.46,2754,,,,,,,,,,,
52,2025-07-28,SOFR,4.36,4.31,4.35,4.43,4.47,2783,,,,,,,,,,,
53,2025-07-25,SOFR,4.36,4.3,4.35,4.43,4.47,2766,,,,,,,,,,,
54,2025-07-24,SOFR,4.3,4.27,4.29,4.36,4.39,2725,,,,,,,,,,,
55,2025-07-23,SOFR,4.28,4.25,4.27,4.33,4.36,2659,,,,,,,,,,,
56,2025-07-22,SOFR,4.28,4.25,4.27,4.33,4.36,2692,,,,,,,,,,,
57,2025-07-21,SOFR,4.28,4.25,4.27,4.33,4.36,2688,,,,,,,,,,,
58,2025-07-18,SOFR,4.3,4.27,4.29,4.36,4.39,2775,,,,,,,,,,,
59,2025-07-17,SOFR,4.34,4.28,4.33,4.39,4.43,2743,,,,,,,,,,,
60,2025-07-16,SOFR,4.34,4.29,4.33,4.4,4.44,2771,,,,,,,,,,,
61,2025-07-15,SOFR,4.37,4.32,4.36,4.44,4.48,2784,,,,,,,,,,,
62,2025-07-14,SOFR,4.33,4.29,4.32,4.39,4.43,2759,,,,,,,,,,,
63,2025-07-11,SOFR,4.31,4.27,4.3,4.38,4.41,2754,,,,,,,,,,,
64,2025-07-10,SOFR,4.31,4.27,4.3,4.37,4.4,2735,,,,,,,,,,,
65,2025-07-09,SOFR,4.32,4.27,4.31,4.38,4.42,2752,,,,,,,,,,,
66,2025-07-08,SOFR,4.34,4.28,4.32,4.39,4.44,2765,,,,,,,,,,,
67,2025-07-07,SOFR,4.33,4.27,4.31,4.39,4.42,2814,,,,,,,,,,,
68,2025-07-03,SOFR,4.35,4.27,4.32,4.41,4.44,2846,,,,,,,,,,,
69,2025-07-02,SOFR,4.4,4.3,4.37,4.47,4.5,2882,,,,,,,,,,,
70,2025-07-01,SOFR,4.44,4.32,4.39,4.51,4.54,2920,,,,,,,,,,,
71,2025-06-30,SOFR,4.45,4.35,4.39,4.51,4.65,2946,,,,,,,,,,,
72,2025-06-27,SOFR,4.39,4.31,4.37,4.46,4.5,2775,,,,,,,,,,,
73,2025-06-26,SOFR,4.4,4.3,4.38,4.48,4.52,2802,,,,,,,,,,,
74,2025-06-25,SOFR,4.36,4.3,4.33,4.43,4.46,2772,,,,,,,,,,,
75,2025-06-24,SOFR,4.3,4.26,4.28,4.36,4.4,2733,,,,,,,,,,,
76,2025-06-23,SOFR,4.29,4.25,4.27,4.34,4.38,2740,,,,,,,,,,,
77,2025-06-20,SOFR,4.29,4.25,4.27,4.34,4.37,2700,,,,,,,,,,,
78,2025-06-18,SOFR,4.28,4.25,4.27,4.34,4.37,2639,,,,,,,,,,,
79,2025-06-17,SOFR,4.31,4.27,4.29,4.36,4.39,2692,,,,,,,,,,,
80,2025-06-16,SOFR,4.32,4.28,4.3,4.38,4.41,2697,,,,,,,,,,,
81,2025-06-13,SOFR,4.28,4.25,4.27,4.34,4.38,2644,,,,,,,,,,,
82,2025-06-12,SOFR,4.28,4.25,4.27,4.33,4.38,2663,,,,,,,,,,,
83,2025-06-11,SOFR,4.28,4.25,4.27,4.33,4.37,2600,,,,,,,,,,,
84,2025-06-10,SOFR,4.28,4.25,4.27,4.33,4.37,2634,,,,,,,,,,,
85,2025-06-09,SOFR,4.29,4.26,4.27,4.34,4.38,2643,,,,,,,,,,,
86,2025-06-06,SOFR,4.29,4.26,4.27,4.34,4.38,2667,,,,,,,,,,,
87,2025-06-05,SOFR,4.29,4.25,4.27,4.34,4.37,2685,,,,,,,,,,,
88,2025-06-04,SOFR,4.28,4.25,4.27,4.34,4.37,2625,,,,,,,,,,,
89,2025-06-03,SOFR,4.32,4.28,4.3,4.37,4.4,2711,,,,,,,,,,,
90,2025-06-02,SOFR,4.35,4.29,4.32,4.4,4.43,2771,,,,,,,,,,,
91,2025-05-30,SOFR,4.35,4.29,4.34,4.42,4.46,2641,,,,,,,,,,,
92,2025-05-29,SOFR,4.33,4.28,4.32,4.39,4.43,2652,,,,,,,,,,,
93,2025-05-28,SOFR,4.33,4.29,4.32,4.39,4.44,2605,,,,,,,,,,,
94,2025-05-27,SOFR,4.31,4.26,4.3,4.38,4.41,2655,,,,,,,,,,,
95,2025-05-23,SOFR,4.26,4.25,4.26,4.31,4.35,2542,,,,,,,,,,,
96,2025-05-22,SOFR,4.26,4.25,4.26,4.29,4.34,2540,,,,,,,,,,,
97,2025-05-21,SOFR,4.26,4.25,4.26,4.3,4.34,2517,,,,,,,,,,,
98,2025-05-20,SOFR,4.27,4.25,4.26,4.32,4.36,2554,,,,,,,,,,,
99,2025-05-19,SOFR,4.29,4.25,4.28,4.34,4.38,2570,,,,,,,,,,,
100,2025-05-16,SOFR,4.3,4.27,4.29,4.36,4.4,2617,,,,,,,,,,,
101,2025-05-15,SOFR,4.31,4.27,4.3,4.38,4.42,2686,,,,,,,,,,,
102,2025-05-14,SOFR,4.29,4.26,4.28,4.34,4.39,2543,,,,,,,,,,,
103,2025-05-13,SOFR,4.3,4.27,4.29,4.36,4.41,2565,,,,,,,,,,,
104,2025-05-12,SOFR,4.28,4.25,4.27,4.34,4.38,2535,,,,,,,,,,,
105,2025-05-09,SOFR,4.28,4.25,4.27,4.33,4.38,2479,,,,,,,,,,,
106,2025-05-08,SOFR,4.29,4.26,4.28,4.34,4.39,2545,,,,,,,,,,,
107,2025-05-07,SOFR,4.3,4.26,4.29,4.36,4.4,2535,,,,,,,,,,,
108,2025-05-06,SOFR,4.32,4.28,4.31,4.38,4.42,2620,,,,,,,,,,,
109,2025-05-05,SOFR,4.33,4.29,4.31,4.38,4.42,2632,,,,,,,,,,,
110,2025-05-02,SOFR,4.36,4.3,4.33,4.42,4.46,2694,,,,,,,,,,,
111,2025-05-01,SOFR,4.39,4.31,4.35,4.45,4.48,2789,,,,,,,,,,,
112,2025-04-30,SOFR,4.41,4.33,4.37,4.48,4.52,2830,,,,,,,,,,,
113,2025-04-29,SOFR,4.36,4.3,4.35,4.44,4.49,2623,,,,,,,,,,,
114,2025-04-28,SOFR,4.36,4.3,4.35,4.43,4.48,2567,,,,,,,,,,,
115,2025-04-25,SOFR,4.33,4.28,4.32,4.39,4.44,2565,,,,,,,,,,,
116,2025-04-24,SOFR,4.29,4.25,4.28,4.34,4.38,2542,,,,,,,,,,,
117,2025-04-23,SOFR,4.28,4.25,4.27,4.33,4.37,2475,,,,,,,,,,,
118,2025-04-22,SOFR,4.3,4.27,4.29,4.36,4.4,2527,,,,,,,,,,,
119,2025-04-21,SOFR,4.32,4.28,4.32,4.38,4.42,2469,,,,,,,,,,,
120,2025-04-17,SOFR,4.32,4.29,4.31,4.38,4.42,2505,,,,,,,,,,,
121,2025-04-16,SOFR,4.31,4.28,4.3,4.37,4.41,2513,,,,,,,,,,,
122,2025-04-15,SOFR,4.36,4.3,4.35,4.44,4.48,2526,,,,,,,,,,,
123,2025-04-14,SOFR,4.33,4.26,4.33,4.39,4.44,2561,,,,,,,,,,,
124,2025-04-11,SOFR,4.33,4.28,4.32,4.38,4.44,2584,,,,,,,,,,,
125,2025-04-10,SOFR,4.37,4.28,4.36,4.43,4.49,2657,,,,,,,,,,,
126,2025-04-09,SOFR,4.42,4.32,4.4,4.5,4.58,2663,,,,,,,,,,,
127,2025-04-08,SOFR,4.4,4.31,4.38,4.47,4.51,2658,,,,,,,,,,,
128,2025-04-07,SOFR,4.33,4.28,4.31,4.38,4.45,2630,,,,,,,,,,,
129,2025-04-04,SOFR,4.35,4.29,4.33,4.41,4.44,2587,,,,,,,,,,,
130,2025-04-03,SOFR,4.39,4.31,4.37,4.46,4.5,2577,,,,,,,,,,,
131,2025-04-02,SOFR,4.37,4.31,4.34,4.43,4.45,2555,,,,,,,,,,,
132,2025-04-01,SOFR,4.39,4.3,4.35,4.44,4.47,2589,,,,,,,,,,,
133,2025-03-31,SOFR,4.41,4.34,4.37,4.47,4.57,2636,,,,,,,,,,,
134,2025-03-28,SOFR,4.34,4.28,4.33,4.4,4.44,2440,,,,,,,,,,,
135,2025-03-27,SOFR,4.36,4.3,4.34,4.41,4.46,2468,,,,,,,,,,,
136,2025-03-26,SOFR,4.35,4.31,4.34,4.42,4.47,2472,,,,,,,,,,,
137,2025-03-25,SOFR,4.33,4.28,4.31,4.39,4.42,2460,,,,,,,,,,,
138,2025-03-24,SOFR,4.31,4.26,4.3,4.35,4.4,2457,,,,,,,,,,,
139,2025-03-21,SOFR,4.3,4.26,4.29,4.35,4.39,2444,,,,,,,,,,,
140,2025-03-20,SOFR,4.29,4.25,4.28,4.34,4.37,2438,,,,,,,,,,,
141,2025-03-19,SOFR,4.29,4.26,4.28,4.34,4.38,2376,,,,,,,,,,,
142,2025-03-18,SOFR,4.31,4.27,4.3,4.37,4.4,2465,,,,,,,,,,,
143,2025-03-17,SOFR,4.32,4.29,4.31,4.39,4.44,2473,,,,,,,,,,,
144,2025-03-14,SOFR,4.3,4.27,4.29,4.35,4.39,2441,,,,,,,,,,,
145,2025-03-13,SOFR,4.3,4.26,4.29,4.35,4.38,2462,,,,,,,,,,,
146,2025-03-12,SOFR,4.31,4.27,4.3,4.36,4.4,2489,,,,,,,,,,,
147,2025-03-11,SOFR,4.32,4.28,4.31,4.37,4.41,2502,,,,,,,,,,,
148,2025-03-10,SOFR,4.33,4.28,4.32,4.38,4.42,2505,,,,,,,,,,,
149,2025-03-07,SOFR,4.34,4.29,4.33,4.4,4.44,2477,,,,,,,,,,,
150,2025-03-06,SOFR,4.35,4.29,4.34,4.4,4.45,2558,,,,,,,,,,,
151,2025-03-05,SOFR,4.34,4.3,4.33,4.39,4.43,2525,,,,,,,,,,,
152,2025-03-04,SOFR,4.33,4.29,4.32,4.39,4.44,2562,,,,,,,,,,,
153,2025-03-03,SOFR,4.33,4.29,4.31,4.39,4.42,2636,,,,,,,,,,,
154,2025-02-28,SOFR,4.39,4.3,4.36,4.46,4.49,2684,,,,,,,,,,,
155,2025-02-27,SOFR,4.36,4.29,4.34,4.41,4.45,2557,,,,,,,,,,,
156,2025-02-26,SOFR,4.33,4.28,4.32,4.39,4.42,2487,,,,,,,,,,,
157,2025-02-25,SOFR,4.33,4.27,4.31,4.38,4.42,2467,,,,,,,,,,,
158,2025-02-24,SOFR,4.34,4.29,4.32,4.39,4.43,2425,,,,,,,,,,,
159,2025-02-21,SOFR,4.34,4.28,4.32,4.39,4.42,2400,,,,,,,,,,,
160,2025-02-20,SOFR,4.33,4.28,4.31,4.39,4.42,2403,,,,,,,,,,,
161,2025-02-19,SOFR,4.35,4.29,4.33,4.41,4.46,2394,,,,,,,,,,,
162,2025-02-18,SOFR,4.37,4.3,4.35,4.43,4.47,2452,,,,,,,,,,,
163,2025-02-14,SOFR,4.33,4.29,4.31,4.39,4.43,2319,,,,,,,,,,,
164,2025-02-13,SOFR,4.33,4.28,4.32,4.39,4.43,2329,,,,,,,,,,,
165,2025-02-12,SOFR,4.32,4.28,4.31,4.38,4.42,2313,,,,,,,,,,,
166,2025-02-11,SOFR,4.34,4.28,4.32,4.4,4.44,2321,,,,,,,,,,,
167,2025-02-10,SOFR,4.35,4.29,4.34,4.41,4.45,2316,,,,,,,,,,,
168,2025-02-07,SOFR,4.35,4.29,4.34,4.41,4.46,2336,,,,,,,,,,,
169,2025-02-06,SOFR,4.36,4.3,4.34,4.43,4.46,2365,,,,,,,,,,,
170,2025-02-05,SOFR,4.33,4.28,4.31,4.38,4.42,2343,,,,,,,,,,,
171,2025-02-04,SOFR,4.33,4.28,4.32,4.38,4.42,2344,,,,,,,,,,,
172,2025-02-03,SOFR,4.35,4.28,4.33,4.41,4.45,2413,,,,,,,,,,,
173,2025-01-31,SOFR,4.38,4.3,4.34,4.44,4.47,2533,,,,,,,,,,,
174,2025-01-30,SOFR,4.36,4.3,4.35,4.43,4.48,2369,,,,,,,,,,,
175,2025-01-29,SOFR,4.35,4.28,4.33,4.41,4.45,2323,,,,,,,,,,,
176,2025-01-28,SOFR,4.35,4.3,4.34,4.43,4.47,2283,,,,,,,,,,,
177,2025-01-27,SOFR,4.34,4.28,4.33,4.4,4.45,2338,,,,,,,,,,,
178,2025-01-24,SOFR,4.34,4.28,4.33,4.4,4.45,2289,,,,,,,,,,,
179,2025-01-23,SOFR,4.35,4.29,4.34,4.43,4.48,2269,,,,,,,,,,,
180,2025-01-22,SOFR,4.3,4.26,4.29,4.37,4.4,2269,,,,,,,,,,,
181,2025-01-21,SOFR,4.29,4.25,4.27,4.35,4.38,2361,,,,,,,,,,,
182,2025-01-17,SOFR,4.29,4.25,4.27,4.34,4.38,2326,,,,,,,,,,,
183,2025-01-16,SOFR,4.29,4.25,4.27,4.35,4.38,2318,,,,,,,,,,,
184,2025-01-15,SOFR,4.28,4.25,4.27,4.34,4.37,2280,,,,,,,,,,,
185,2025-01-14,SOFR,4.28,4.24,4.27,4.33,4.37,2179,,,,,,,,,,,
186,2025-01-13,SOFR,4.29,4.25,4.28,4.34,4.39,2211,,,,,,,,,,,
187,2025-01-10,SOFR,4.3,4.26,4.29,4.37,4.41,2204,,,,,,,,,,,
188,2025-01-09,SOFR,4.3,4.26,4.28,4.36,4.4,2211,,,,,,,,,,,
189,2025-01-08,SOFR,4.29,4.25,4.27,4.35,4.39,2213,,,,,,,,,,,
190,2025-01-07,SOFR,4.27,4.25,4.26,4.32,4.36,2322,,,,,,,,,,,
191,2025-01-06,SOFR,4.27,4.25,4.26,4.31,4.35,2349,,,,,,,,,,,
192,2025-01-03,SOFR,4.31,4.26,4.3,4.38,4.43,2398,,,,,,,,,,,
193,2025-01-02,SOFR,4.4,4.28,4.36,4.48,4.56,2501,,,,,,,,,,,
194,2024-12-31,SOFR,4.49,4.36,4.45,4.65,4.75,2474,,,,,,,,,,,
195,2024-12-30,SOFR,4.37,4.3,4.35,4.48,4.55,2290,,,,,,,,,,,
196,2024-12-27,SOFR,4.46,4.3,4.45,4.62,4.73,2275,,,,,,,,,,,
197,2024-12-26,SOFR,4.53,4.35,4.5,4.7,4.8,2320,,,,,,,,,,,
198,2024-12-24,SOFR,4.4,4.31,4.39,4.5,4.58,2282,,,,,,,,,,,
199,2024-12-23,SOFR,4.31,4.25,4.3,4.38,4.43,2337,,,,,,,,,,,
200,2024-12-20,SOFR,4.3,4.25,4.28,4.37,4.4,2330,,,,,,,,,,,
201,2024-12-19,SOFR,4.3,4.25,4.27,4.35,4.58,2390,,,,,,,,,,,
202,2024-12-18,SOFR,4.57,4.55,4.56,4.62,4.66,2291,,,,,,,,,,,
203,2024-12-17,SOFR,4.62,4.55,4.59,4.68,4.71,2341,,,,,,,,,,,
204,2024-12-16,SOFR,4.65,4.56,4.61,4.71,4.75,2360,,,,,,,,,,,
205,2024-12-13,SOFR,4.6,4.55,4.59,4.66,4.7,2255,,,,,,,,,,,
206,2024-12-12,SOFR,4.62,4.55,4.6,4.68,4.72,2262,,,,,,,,,,,
207,2024-12-11,SOFR,4.62,4.56,4.6,4.68,4.72,2287,,,,,,,,,,,
208,2024-12-10,SOFR,4.64,4.56,4.61,4.72,4.76,2308,,,,,,,,,,,
209,2024-12-09,SOFR,4.63,4.56,4.6,4.69,4.74,2305,,,,,,,,,,,
210,2024-12-06,SOFR,4.6,4.55,4.58,4.68,4.7,2277,,,,,,,,,,,
211,2024-12-05,SOFR,4.59,4.55,4.57,4.65,4.68,2325,,,,,,,,,,,
212,2024-12-04,SOFR,4.59,4.55,4.58,4.66,4.69,2265,,,,,,,,,,,
213,2024-12-03,SOFR,4.64,4.55,4.6,4.7,4.75,2329,,,,,,,,,,,
214,2024-12-02,SOFR,4.64,4.57,4.6,4.72,4.75,2440,,,,,,,,,,,
215,2024-11-29,SOFR,4.59,4.55,4.58,4.66,4.7,2209,,,,,,,,,,,
216,2024-11-27,SOFR,4.57,4.54,4.56,4.63,4.66,2136,,,,,,,,,,,
217,2024-11-26,SOFR,4.58,4.54,4.57,4.64,4.69,2214,,,,,,,,,,,
218,2024-11-25,SOFR,4.58,4.55,4.57,4.64,4.69,2206,,,,,,,,,,,
219,2024-11-22,SOFR,4.57,4.53,4.56,4.62,4.66,2188,,,,,,,,,,,
220,2024-11-21,SOFR,4.57,4.55,4.56,4.62,4.66,2291,,,,,,,,,,,
221,2024-11-20,SOFR,4.56,4.54,4.56,4.61,4.65,2155,,,,,,,,,,,
222,2024-11-19,SOFR,4.57,4.55,4.56,4.62,4.66,2275,,,,,,,,,,,
223,2024-11-18,SOFR,4.57,4.54,4.56,4.62,4.65,2297,,,,,,,,,,,
224,2024-11-15,SOFR,4.57,4.55,4.56,4.62,4.65,2425,,,,,,,,,,,
225,2024-11-14,SOFR,4.58,4.55,4.57,4.62,4.66,2177,,,,,,,,,,,
226,2024-11-13,SOFR,4.59,4.55,4.58,4.64,4.69,2233,,,,,,,,,,,
227,2024-11-12,SOFR,4.6,4.55,4.58,4.66,4.7,2298,,,,,,,,,,,
228,2024-11-08,SOFR,4.6,4.55,4.58,4.66,4.83,2184,,,,,,,,,,,
229,2024-11-07,SOFR,4.82,4.79,4.81,4.87,4.91,2266,,,,,,,,,,,
230,2024-11-06,SOFR,4.81,4.78,4.81,4.85,4.88,2128,,,,,,,,,,,
231,2024-11-05,SOFR,4.82,4.79,4.81,4.85,4.89,2235,,,,,,,,,,,
232,2024-11-04,SOFR,4.82,4.79,4.82,4.87,4.91,2308,,,,,,,,,,,
233,2024-11-01,SOFR,4.86,4.8,4.84,4.93,4.97,2164,,,,,,,,,,,
234,2024-10-31,SOFR,4.9,4.8,4.86,4.98,5.03,2244,,,,,,,,,,,
235,2024-10-30,SOFR,4.81,4.78,4.81,4.85,4.89,2045,,,,,,,,,,,
236,2024-10-29,SOFR,4.82,4.78,4.81,4.86,4.9,2116,,,,,,,,,,,
237,2024-10-28,SOFR,4.82,4.79,4.81,4.88,4.92,2194,,,,,,,,,,,
238,2024-10-25,SOFR,4.83,4.79,4.82,4.89,4.94,2188,,,,,,,,,,,
239,2024-10-24,SOFR,4.83,4.77,4.83,4.89,4.94,2246,,,,,,,,,,,
240,2024-10-23,SOFR,4.83,4.79,4.82,4.89,4.92,2129,,,,,,,,,,,
241,2024-10-22,SOFR,4.83,4.79,4.82,4.89,4.92,2226,,,,,,,,,,,
242,2024-10-21,SOFR,4.82,4.8,4.81,4.87,4.91,2322,,,,,,,,,,,
243,2024-10-18,SOFR,4.84,4.8,4.82,4.9,4.94,2168,,,,,,,,,,,
244,2024-10-17,SOFR,4.85,4.81,4.84,4.94,4.98,2334,,,,,,,,,,,
245,2024-10-16,SOFR,4.86,4.81,4.84,4.94,4.97,2317,,,,,,,,,,,
246,2024-10-15,SOFR,4.86,4.81,4.84,4.94,5.0,2272,,,,,,,,,,,
247,2024-10-11,SOFR,4.81,4.79,4.81,4.85,4.89,2058,,,,,,,,,,,
248,2024-10-10,SOFR,4.82,4.79,4.81,4.86,4.91,2198,,,,,,,,,,,
249,2024-10-09,SOFR,4.83,4.8,4.82,4.88,4.93,2220,,,,,,,,,,,
250,2024-10-08,SOFR,4.84,4.8,4.83,4.9,4.94,2166,,,,,,,,,,,
251,2024-10-07,SOFR,4.83,4.8,4.82,4.88,4.93,2350,,,,,,,,,,,
252,2024-10-04,SOFR,4.83,4.8,4.82,4.89,4.93,2377,,,,,,,,,,,
253,2024-10-03,SOFR,4.85,4.8,4.83,4.91,4.96,2182,,,,,,,,,,,
254,2024-10-02,SOFR,4.92,4.83,4.87,5.01,5.09,2426,,,,,,,,,,,
255,2024-10-01,SOFR,5.05,4.85,4.92,5.14,5.28,2395,,,,,,,,,,,
256,2024-09-30,SOFR,4.96,4.83,4.88,5.02,5.45,2523,,,,,,,,,,,
257,2024-09-27,SOFR,4.84,4.8,4.83,4.9,4.95,2077,,,,,,,,,,,
258,2024-09-26,SOFR,4.83,4.8,4.82,4.89,4.95,2329,,,,,,,,,,,
259,2024-09-25,SOFR,4.84,4.79,4.83,4.91,4.95,2133,,,,,,,,,,,
260,2024-09-24,SOFR,4.84,4.79,4.83,4.91,4.95,2171,,,,,,,,,,,
261,2024-09-23,SOFR,4.83,4.78,4.82,4.89,4.93,2198,,,,,,,,,,,
262,2024-09-20,SOFR,4.83,4.78,4.82,4.88,4.92,2147,,,,,,,,,,,
263,2024-09-19,SOFR,4.82,4.79,4.81,4.86,5.34,2378,,,,,,,,,,,
264,2024-09-18,SOFR,5.33,5.28,5.32,5.38,5.42,2194,,,,,,,,,,,
265,2024-09-17,SOFR,5.38,5.3,5.33,5.43,5.47,2161,,,,,,,,,,,
266,2024-09-16,SOFR,5.38,5.3,5.33,5.44,5.48,2212,,,,,,,,,,,
267,2024-09-13,SOFR,5.33,5.3,5.32,5.39,5.43,2232,,,,,,,,,,,
268,2024-09-12,SOFR,5.33,5.28,5.31,5.39,5.42,2087,,,,,,,,,,,
269,2024-09-11,SOFR,5.32,5.29,5.31,5.37,5.41,2308,,,,,,,,,,,
270,2024-09-10,SOFR,5.33,5.29,5.32,5.38,5.43,2161,,,,,,,,,,,
271,2024-09-09,SOFR,5.34,5.29,5.32,5.41,5.45,2094,,,,,,,,,,,
272,2024-09-06,SOFR,5.34,5.3,5.33,5.42,5.46,2119,,,,,,,,,,,
273,2024-09-05,SOFR,5.35,5.3,5.33,5.43,5.46,2205,,,,,,,,,,,
274,2024-09-04,SOFR,5.35,5.3,5.33,5.43,5.46,2169,,,,,,,,,,,
275,2024-09-03,SOFR,5.34,5.3,5.33,5.45,5.5,2403,,,,,,,,,,,
276,2024-08-30,SOFR,5.32,5.28,5.32,5.38,5.43,2011,,,,,,,,,,,
277,2024-08-29,SOFR,5.33,5.29,5.32,5.39,5.46,2088,,,,,,,,,,,
278,2024-08-28,SOFR,5.35,5.3,5.34,5.44,5.49,2030,,,,,,,,,,,
279,2024-08-27,SOFR,5.35,5.3,5.34,5.46,5.5,2227,,,,,,,,,,,
280,2024-08-26,SOFR,5.34,5.3,5.32,5.4,5.44,2039,,,,,,,,,,,
281,2024-08-23,SOFR,5.33,5.3,5.32,5.39,5.44,2152,,,,,,,,,,,
282,2024-08-22,SOFR,5.31,5.28,5.31,5.37,5.41,2037,,,,,,,,,,,
283,2024-08-21,SOFR,5.31,5.28,5.31,5.35,5.39,1975,,,,,,,,,,,
284,2024-08-20,SOFR,5.32,5.29,5.31,5.38,5.43,2101,,,,,,,,,,,
285,2024-08-19,SOFR,5.32,5.29,5.31,5.38,5.42,2118,,,,,,,,,,,
286,2024-08-16,SOFR,5.32,5.29,5.32,5.39,5.43,2131,,,,,,,,,,,
287,2024-08-15,SOFR,5.35,5.3,5.32,5.42,5.45,2118,,,,,,,,,,,
288,2024-08-14,SOFR,5.33,5.28,5.32,5.39,5.44,2108,,,,,,,,,,,
289,2024-08-13,SOFR,5.34,5.3,5.34,5.43,5.48,2082,,,,,,,,,,,
290,2024-08-12,SOFR,5.34,5.3,5.33,5.41,5.46,2138,,,,,,,,,,,
291,2024-08-09,SOFR,5.34,5.3,5.33,5.42,5.46,2170,,,,,,,,,,,
292,2024-08-08,SOFR,5.34,5.3,5.33,5.43,5.47,2196,,,,,,,,,,,
293,2024-08-07,SOFR,5.33,5.3,5.32,5.39,5.44,2042,,,,,,,,,,,
294,2024-08-06,SOFR,5.33,5.3,5.32,5.4,5.43,2086,,,,,,,,,,,
295,2024-08-05,SOFR,5.32,5.29,5.31,5.38,5.42,2199,,,,,,,,,,,
296,2024-08-02,SOFR,5.35,5.3,5.33,5.43,5.48,2077,,,,,,,,,,,
297,2024-08-01,SOFR,5.35,5.3,5.34,5.46,5.51,2211,,,,,,,,,,,
298,2024-07-31,SOFR,5.38,5.3,5.34,5.47,5.51,2185,,,,,,,,,,,
299,2024-07-30,SOFR,5.33,5.3,5.32,5.4,5.45,1978,,,,,,,,,,,
300,2024-07-29,SOFR,5.33,5.3,5.33,5.41,5.46,1982,,,,,,,,,,,
301,2024-07-26,SOFR,5.35,5.3,5.34,5.45,5.5,2027,,,,,,,,,,,
302,2024-07-25,SOFR,5.35,5.3,5.34,5.45,5.49,2129,,,,,,,,,,,
303,2024-07-24,SOFR,5.34,5.3,5.33,5.42,5.47,2083,,,,,,,,,,,
304,2024-07-23,SOFR,5.34,5.3,5.32,5.41,5.45,2011,,,,,,,,,,,
305,2024-07-22,SOFR,5.33,5.28,5.32,5.4,5.44,2120,,,,,,,,,,,
306,2024-07-19,SOFR,5.34,5.3,5.32,5.41,5.45,1992,,,,,,,,,,,
307,2024-07-18,SOFR,5.34,5.3,5.32,5.41,5.46,2014,,,,,,,,,,,
308,2024-07-17,SOFR,5.35,5.3,5.34,5.44,5.49,2025,,,,,,,,,,,
309,2024-07-16,SOFR,5.35,5.3,5.34,5.45,5.49,2061,,,,,,,,,,,
310,2024-07-15,SOFR,5.34,5.3,5.33,5.44,5.48,2175,,,,,,,,,,,
311,2024-07-12,SOFR,5.34,5.3,5.32,5.41,5.45,1900,,,,,,,,,,,
312,2024-07-11,SOFR,5.34,5.3,5.32,5.41,5.45,1920,,,,,,,,,,,
313,2024-07-10,SOFR,5.34,5.3,5.33,5.42,5.46,1949,,,,,,,,,,,
314,2024-07-09,SOFR,5.34,5.3,5.33,5.42,5.47,1913,,,,,,,,,,,
315,2024-07-08,SOFR,5.32,5.29,5.31,5.39,5.43,2090,,,,,,,,,,,
316,2024-07-05,SOFR,5.32,5.29,5.31,5.39,5.44,2126,,,,,,,,,,,
317,2024-07-03,SOFR,5.33,5.29,5.32,5.41,5.46,2007,,,,,,,,,,,
318,2024-07-02,SOFR,5.35,5.3,5.33,5.46,5.5,2110,,,,,,,,,,,
319,2024-07-01,SOFR,5.4,5.29,5.33,5.47,5.51,1967,,,,,,,,,,,
320,2024-06-28,SOFR,5.33,5.29,5.32,5.41,5.47,2024,,,,,,,,,,,
321,2024-06-27,SOFR,5.34,5.29,5.32,5.41,5.48,1888,,,,,,,,,,,
322,2024-06-26,SOFR,5.34,5.3,5.33,5.45,5.5,1897,,,,,,,,,,,
323,2024-06-25,SOFR,5.33,5.3,5.32,5.41,5.46,1968,,,,,,,,,,,
324,2024-06-24,SOFR,5.31,5.28,5.3,5.36,5.4,1992,,,,,,,,,,,
325,2024-06-21,SOFR,5.31,5.28,5.3,5.35,5.41,1991,,,,,,,,,,,
326,2024-06-20,SOFR,5.32,5.27,5.31,5.37,5.42,2052,,,,,,,,,,,
327,2024-06-18,SOFR,5.33,5.29,5.32,5.4,5.45,2021,,,,,,,,,,,
328,2024-06-17,SOFR,5.33,5.3,5.32,5.41,5.46,1975,,,,,,,,,,,
329,2024-06-14,SOFR,5.31,5.28,5.31,5.37,5.41,1855,,,,,,,,,,,
330,2024-06-13,SOFR,5.31,5.29,5.3,5.36,5.41,2035,,,,,,,,,,,
331,2024-06-12,SOFR,5.31,5.28,5.3,5.35,5.41,1957,,,,,,,,,,,
332,2024-06-11,SOFR,5.32,5.28,5.31,5.37,5.42,1946,,,,,,,,,,,
333,2024-06-10,SOFR,5.32,5.27,5.32,5.38,5.43,1847,,,,,,,,,,,
334,2024-06-07,SOFR,5.33,5.29,5.32,5.4,5.44,1934,,,,,,,,,,,
335,2024-06-06,SOFR,5.33,5.29,5.32,5.4,5.44,2008,,,,,,,,,,,
336,2024-06-05,SOFR,5.33,5.3,5.32,5.39,5.43,1989,,,,,,,,,,,
337,2024-06-04,SOFR,5.33,5.29,5.32,5.4,5.44,2092,,,,,,,,,,,
338,2024-06-03,SOFR,5.35,5.29,5.32,5.4,5.44,1912,,,,,,,,,,,
339,2024-05-31,SOFR,5.34,5.3,5.33,5.43,5.48,2061,,,,,,,,,,,
340,2024-05-30,SOFR,5.33,5.29,5.32,5.4,5.46,1824,,,,,,,,,,,
341,2024-05-29,SOFR,5.33,5.28,5.32,5.4,5.44,1807,,,,,,,,,,,
342,2024-05-28,SOFR,5.32,5.28,5.31,5.39,5.43,2013,,,,,,,,,,,
343,2024-05-24,SOFR,5.32,5.28,5.31,5.37,5.41,1909,,,,,,,,,,,
344,2024-05-23,SOFR,5.31,5.28,5.3,5.35,5.39,1916,,,,,,,,,,,
345,2024-05-22,SOFR,5.31,5.28,5.3,5.35,5.39,1900,,,,,,,,,,,
346,2024-05-21,SOFR,5.31,5.28,5.3,5.35,5.39,1929,,,,,,,,,,,
347,2024-05-20,SOFR,5.31,5.28,5.3,5.35,5.39,1866,,,,,,,,,,,
348,2024-05-17,SOFR,5.31,5.28,5.3,5.35,5.39,1964,,,,,,,,,,,
349,2024-05-16,SOFR,5.31,5.28,5.3,5.35,5.41,2001,,,,,,,,,,,
350,2024-05-15,SOFR,5.31,5.28,5.3,5.34,5.38,1936,,,,,,,,,,,
351,2024-05-14,SOFR,5.31,5.28,5.3,5.34,5.38,1838,,,,,,,,,,,
352,2024-05-13,SOFR,5.31,5.27,5.3,5.33,5.38,1805,,,,,,,,,,,
353,2024-05-10,SOFR,5.31,5.28,5.3,5.34,5.39,1816,,,,,,,,,,,
354,2024-05-09,SOFR,5.31,5.28,5.3,5.35,5.39,1871,,,,,,,,,,,
355,2024-05-08,SOFR,5.31,5.27,5.3,5.35,5.39,1845,,,,,,,,,,,
356,2024-05-07,SOFR,5.31,5.28,5.3,5.35,5.4,1864,,,,,,,,,,,
357,2024-05-06,SOFR,5.31,5.28,5.3,5.35,5.4,1855,,,,,,,,,,,
358,2024-05-03,SOFR,5.31,5.28,5.3,5.35,5.4,1863,,,,,,,,,,,
359,2024-05-02,SOFR,5.31,5.28,5.31,5.36,5.41,1838,,,,,,,,,,,
360,2024-05-01,SOFR,5.32,5.28,5.31,5.38,5.43,1955,,,,,,,,,,,
361,2024-04-30,SOFR,5.34,5.29,5.31,5.4,5.5,1831,,,,,,,,,,,
362,2024-04-29,SOFR,5.32,5.28,5.31,5.38,5.43,1781,,,,,,,,,,,
363,2024-04-26,SOFR,5.32,5.28,5.31,5.38,5.43,1795,,,,,,,,,,,
364,2024-04-25,SOFR,5.31,5.28,5.31,5.37,5.42,1774,,,,,,,,,,,
365,2024-04-24,SOFR,5.31,5.28,5.3,5.35,5.4,1778,,,,,,,,,,,
366,2024-04-23,SOFR,5.31,5.27,5.3,5.34,5.39,1757,,,,,,,,,,,
367,2024-04-22,SOFR,5.31,5.27,5.3,5.34,5.38,1746,,,,,,,,,,,
368,2024-04-19,SOFR,5.31,5.27,5.3,5.34,5.38,1780,,,,,,,,,,,
369,2024-04-18,SOFR,5.3,5.28,5.3,5.33,5.39,1764,,,,,,,,,,,
370,2024-04-17,SOFR,5.31,5.27,5.3,5.33,5.39,1731,,,,,,,,,,,
371,2024-04-16,SOFR,5.31,5.28,5.31,5.36,5.41,1809,,,,,,,,,,,
372,2024-04-15,SOFR,5.32,5.28,5.31,5.39,5.43,1938,,,,,,,,,,,
373,2024-04-12,SOFR,5.31,5.27,5.3,5.35,5.4,1805,,,,,,,,,,,
374,2024-04-11,SOFR,5.31,5.28,5.3,5.35,5.39,1857,,,,,,,,,,,
375,2024-04-10,SOFR,5.31,5.28,5.3,5.35,5.39,1909,,,,,,,,,,,
376,2024-04-09,SOFR,5.31,5.28,5.31,5.35,5.4,1826,,,,,,,,,,,
377,2024-04-08,SOFR,5.31,5.28,5.31,5.36,5.41,1807,,,,,,,,,,,
378,2024-04-05,SOFR,5.32,5.28,5.31,5.38,5.42,1898,,,,,,,,,,,
379,2024-04-04,SOFR,5.32,5.28,5.31,5.37,5.41,1974,,,,,,,,,,,
380,2024-04-03,SOFR,5.32,5.28,5.31,5.38,5.43,1985,,,,,,,,,,,
381,2024-04-02,SOFR,5.34,5.3,5.33,5.45,5.5,1927,,,,,,,,,,,
382,2024-04-01,SOFR,5.35,5.3,5.33,5.47,5.51,2023,,,,,,,,,,,
383,2024-03-28,SOFR,5.34,5.3,5.32,5.42,5.48,1911,,,,,,,,,,,
384,2024-03-27,SOFR,5.33,5.28,5.32,5.43,5.48,1807,,,,,,,,,,,
385,2024-03-26,SOFR,5.32,5.28,5.31,5.4,5.44,1849,,,,,,,,,,,
386,2024-03-25,SOFR,5.31,5.28,5.31,5.38,5.43,1820,,,,,,,,,,,
387,2024-03-22,SOFR,5.31,5.27,5.31,5.37,5.42,1796,,,,,,,,,,,
388,2024-03-21,SOFR,5.31,5.27,5.3,5.35,5.39,1849,,,,,,,,,,,
389,2024-03-20,SOFR,5.31,5.27,5.3,5.34,5.38,1736,,,,,,,,,,,
390,2024-03-19,SOFR,5.31,5.2,5.3,5.34,5.38,1813,,,,,,,,,,,
391,2024-03-18,SOFR,5.31,5.27,5.3,5.34,5.39,1788,,,,,,,,,,,
392,2024-03-15,SOFR,5.31,5.28,5.31,5.37,5.41,1803,,,,,,,,,,,
393,2024-03-14,SOFR,5.31,5.27,5.3,5.34,5.39,1782,,,,,,,,,,,
394,2024-03-13,SOFR,5.31,5.27,5.3,5.35,5.4,1784,,,,,,,,,,,
395,2024-03-12,SOFR,5.31,5.27,5.31,5.36,5.4,1699,,,,,,,,,,,
396,2024-03-11,SOFR,5.31,5.27,5.3,5.35,5.4,1804,,,,,,,,,,,
397,2024-03-08,SOFR,5.31,5.27,5.3,5.35,5.39,1782,,,,,,,,,,,
398,2024-03-07,SOFR,5.31,5.27,5.3,5.34,5.38,1793,,,,,,,,,,,
399,2024-03-06,SOFR,5.31,5.27,5.3,5.33,5.38,1707,,,,,,,,,,,
400,2024-03-05,SOFR,5.31,5.27,5.3,5.34,5.39,1807,,,,,,,,,,,
401,2024-03-04,SOFR,5.31,5.27,5.3,5.35,5.39,1858,,,,,,,,,,,
402,2024-03-01,SOFR,5.31,5.28,5.31,5.36,5.4,1783,,,,,,,,,,,
403,2024-02-29,SOFR,5.32,5.28,5.31,5.37,5.41,1951,,,,,,,,,,,
404,2024-02-28,SOFR,5.31,5.27,5.3,5.33,5.38,1620,,,,,,,,,,,
405,2024-02-27,SOFR,5.31,5.28,5.3,5.35,5.4,1741,,,,,,,,,,,
406,2024-02-26,SOFR,5.31,5.28,5.3,5.36,5.41,1739,,,,,,,,,,,
407,2024-02-23,SOFR,5.31,5.27,5.3,5.35,5.39,1736,,,,,,,,,,,
408,2024-02-22,SOFR,5.3,5.27,5.3,5.33,5.38,1620,,,,,,,,,,,
409,2024-02-21,SOFR,5.3,5.27,5.3,5.32,5.37,1607,,,,,,,,,,,
410,2024-02-20,SOFR,5.3,5.25,5.3,5.32,5.37,1610,,,,,,,,,,,
411,2024-02-16,SOFR,5.3,5.26,5.3,5.32,5.37,1666,,,,,,,,,,,
412,2024-02-15,SOFR,5.31,5.27,5.3,5.33,5.38,1746,,,,,,,,,,,
413,2024-02-14,SOFR,5.3,5.26,5.3,5.32,5.38,1596,,,,,,,,,,,
414,2024-02-13,SOFR,5.31,5.27,5.3,5.34,5.39,1714,,,,,,,,,,,
415,2024-02-12,SOFR,5.31,5.27,5.3,5.35,5.4,1725,,,,,,,,,,,
416,2024-02-09,SOFR,5.31,5.27,5.3,5.36,5.4,1581,,,,,,,,,,,
417,2024-02-08,SOFR,5.31,5.27,5.3,5.36,5.4,1669,,,,,,,,,,,
418,2024-02-07,SOFR,5.31,5.27,5.3,5.35,5.4,1797,,,,,,,,,,,
419,2024-02-06,SOFR,5.31,5.28,5.31,5.36,5.4,1738,,,,,,,,,,,
420,2024-02-05,SOFR,5.31,5.27,5.31,5.36,5.41,1731,,,,,,,,,,,
421,2024-02-02,SOFR,5.32,5.28,5.31,5.39,5.44,1849,,,,,,,,,,,
422,2024-02-01,SOFR,5.32,5.28,5.31,5.39,5.43,1897,,,,,,,,,,,
423,2024-01-31,SOFR,5.32,5.28,5.31,5.4,5.43,1874,,,,,,,,,,,
424,2024-01-30,SOFR,5.31,5.28,5.3,5.36,5.4,1642,,,,,,,,,,,
425,2024-01-29,SOFR,5.31,5.27,5.3,5.36,5.4,1598,,,,,,,,,,,
426,2024-01-26,SOFR,5.32,5.28,5.31,5.37,5.42,1712,,,,,,,,,,,
427,2024-01-25,SOFR,5.32,5.28,5.31,5.38,5.43,1768,,,,,,,,,,,
428,2024-01-24,SOFR,5.31,5.26,5.3,5.36,5.4,1596,,,,,,,,,,,
429,2024-01-23,SOFR,5.31,5.26,5.3,5.34,5.38,1686,,,,,,,,,,,
430,2024-01-22,SOFR,5.31,5.26,5.3,5.33,5.38,1595,,,,,,,,,,,
431,2024-01-19,SOFR,5.31,5.26,5.3,5.33,5.37,1688,,,,,,,,,,,
432,2024-01-18,SOFR,5.31,5.27,5.3,5.34,5.4,1746,,,,,,,,,,,
433,2024-01-17,SOFR,5.32,5.28,5.31,5.37,5.42,1764,,,,,,,,,,,
434,2024-01-16,SOFR,5.32,5.28,5.31,5.38,5.42,1854,,,,,,,,,,,
435,2024-01-12,SOFR,5.31,5.27,5.3,5.36,5.4,1590,,,,,,,,,,,
436,2024-01-11,SOFR,5.31,5.28,5.3,5.36,5.4,1648,,,,,,,,,,,
437,2024-01-10,SOFR,5.31,5.28,5.3,5.36,5.4,1660,,,,,,,,,,,
438,2024-01-09,SOFR,5.31,5.28,5.3,5.36,5.4,1693,,,,,,,,,,,
439,2024-01-08,SOFR,5.31,5.28,5.3,5.36,5.4,1658,,,,,,,,,,,
440,2024-01-05,SOFR,5.31,5.28,5.3,5.36,5.4,1674,,,,,,,,,,,
441,2024-01-04,SOFR,5.32,5.29,5.31,5.4,5.44,1930,,,,,,,,,,,
442,2024-01-03,SOFR,5.39,5.3,5.33,5.48,5.53,1832,,,,,,,,,,,
443,2024-01-02,SOFR,5.4,5.3,5.33,5.51,5.56,1948,,,,,,,,,,,
444,2023-12-29,SOFR,5.38,5.3,5.33,5.5,5.68,1702,,,,,,,,,,,
445,2023-12-28,SOFR,5.4,5.3,5.35,5.55,5.64,1832,,,,,,,,,,,
446,2023-12-27,SOFR,5.39,5.29,5.33,5.49,5.55,1722,,,,,,,,,,,
447,2023-12-26,SOFR,5.35,5.28,5.31,5.45,5.48,1644,,,,,,,,,,,
448,2023-12-22,SOFR,5.32,5.27,5.31,5.38,5.42,1667,,,,,,,,,,,
449,2023-12-21,SOFR,5.31,5.26,5.3,5.35,5.39,1720,,,,,,,,,,,
450,2023-12-20,SOFR,5.31,5.26,5.3,5.34,5.38,1678,,,,,,,,,,,
451,2023-12-19,SOFR,5.31,5.27,5.3,5.35,5.4,1757,,,,,,,,,,,
452,2023-12-18,SOFR,5.32,5.27,5.3,5.37,5.42,1665,,,,,,,,,,,
453,2023-12-15,SOFR,5.32,5.27,5.31,5.39,5.42,1776,,,,,,,,,,,
454,2023-12-14,SOFR,5.31,5.26,5.3,5.33,5.39,1695,,,,,,,,,,,
455,2023-12-13,SOFR,5.31,5.26,5.3,5.35,5.4,1635,,,,,,,,,,,
456,2023-12-12,SOFR,5.31,5.27,5.3,5.35,5.41,1713,,,,,,,,,,,
457,2023-12-11,SOFR,5.32,5.27,5.3,5.38,5.42,1577,,,,,,,,,,,
458,2023-12-08,SOFR,5.32,5.27,5.3,5.37,5.42,1610,,,,,,,,,,,
459,2023-12-07,SOFR,5.32,5.28,5.31,5.38,5.43,1702,,,,,,,,,,,
460,2023-12-06,SOFR,5.32,5.28,5.31,5.41,5.45,1707,,,,,,,,,,,
461,2023-12-05,SOFR,5.33,5.28,5.31,5.42,5.47,1792,,,,,,,,,,,
462,2023-12-04,SOFR,5.37,5.28,5.31,5.44,5.48,1631,,,,,,,,,,,
463,2023-12-01,SOFR,5.39,5.28,5.32,5.45,5.5,1650,,,,,,,,,,,
464,2023-11-30,SOFR,5.33,5.28,5.31,5.44,5.51,1850,,,,,,,,,,,
465,2023-11-29,SOFR,5.31,5.27,5.3,5.39,5.44,1578,,,,,,,,,,,
466,2023-11-28,SOFR,5.32,5.27,5.3,5.4,5.43,1593,,,,,,,,,,,
467,2023-11-27,SOFR,5.32,5.27,5.3,5.4,5.44,1602,,,,,,,,,,,
468,2023-11-24,SOFR,5.32,5.27,5.3,5.39,5.42,1521,,,,,,,,,,,
469,2023-11-22,SOFR,5.31,5.26,5.3,5.35,5.4,1547,,,,,,,,,,,
470,2023-11-21,SOFR,5.31,5.26,5.3,5.35,5.4,1603,,,,,,,,,,,
471,2023-11-20,SOFR,5.31,5.26,5.3,5.36,5.41,1621,,,,,,,,,,,
472,2023-11-17,SOFR,5.32,5.27,5.3,5.38,5.43,1587,,,,,,,,,,,
473,2023-11-16,SOFR,5.32,5.27,5.3,5.39,5.43,1640,,,,,,,,,,,
474,2023-11-15,SOFR,5.32,5.27,5.3,5.39,5.43,1605,,,,,,,,,,,
475,2023-11-14,SOFR,5.32,5.27,5.3,5.39,5.43,1533,,,,,,,,,,,
476,2023-11-13,SOFR,5.32,5.27,5.3,5.39,5.43,1494,,,,,,,,,,,
477,2023-11-10,SOFR,5.32,5.27,5.3,5.38,5.46,1469,,,,,,,,,,,
478,2023-11-09,SOFR,5.32,5.27,5.3,5.38,5.43,1526,,,,,,,,,,,
479,2023-11-08,SOFR,5.32,5.27,5.3,5.38,5.42,1470,,,,,,,,,,,
480,2023-11-07,SOFR,5.32,5.27,5.3,5.38,5.42,1546,,,,,,,,,,,
481,2023-11-06,SOFR,5.32,5.27,5.3,5.38,5.43,1559,,,,,,,,,,,
482,2023-11-03,SOFR,5.32,5.28,5.3,5.39,5.44,1579,,,,,,,,,,,
483,2023-11-02,SOFR,5.33,5.28,5.31,5.4,5.44,1640,,,,,,,,,,,
484,2023-11-01,SOFR,5.32,5.27,5.31,5.4,5.44,1621,,,,,,,,,,,
485,2023-10-31,SOFR,5.35,5.26,5.3,5.4,5.45,1582,,,,,,,,,,,
486,2023-10-30,SOFR,5.31,5.26,5.3,5.35,5.4,1470,,,,,,,,,,,
487,2023-10-27,SOFR,5.31,5.26,5.3,5.36,5.4,1496,,,,,,,,,,,
488,2023-10-26,SOFR,5.31,5.27,5.3,5.36,5.4,1506,,,,,,,,,,,
489,2023-10-25,SOFR,5.3,5.26,5.3,5.34,5.39,1439,,,,,,,,,,,
490,2023-10-24,SOFR,5.3,5.25,5.3,5.33,5.38,1387,,,,,,,,,,,
491,2023-10-23,SOFR,5.3,5.25,5.29,5.31,5.37,1330,,,,,,,,,,,
492,2023-10-20,SOFR,5.3,5.25,5.3,5.33,5.37,1396,,,,,,,,,,,
493,2023-10-19,SOFR,5.3,5.25,5.3,5.33,5.38,1398,,,,,,,,,,,
494,2023-10-18,SOFR,5.3,5.25,5.3,5.34,5.4,1396,,,,,,,,,,,
495,2023-10-17,SOFR,5.31,5.26,5.3,5.37,5.42,1427,,,,,,,,,,,
496,2023-10-16,SOFR,5.31,5.26,5.3,5.39,5.43,1450,,,,,,,,,,,
497,2023-10-13,SOFR,5.31,5.26,5.3,5.38,5.43,1383,,,,,,,,,,,
498,2023-10-12,SOFR,5.31,5.26,5.3,5.39,5.43,1467,,,,,,,,,,,
499,2023-10-11,SOFR,5.31,5.26,5.3,5.39,5.43,1465,,,,,,,,,,,
500,2023-10-10,SOFR,5.31,5.26,5.3,5.39,5.43,1522,,,,,,,,,,,
501,2023-10-06,SOFR,5.31,5.26,5.3,5.38,5.42,1404,,,,,,,,,,,
502,2023-10-05,SOFR,5.32,5.26,5.3,5.38,5.42,1520,,,,,,,,,,,
503,2023-10-04,SOFR,5.32,5.27,5.3,5.38,5.43,1436,,,,,,,,,,,
504,2023-10-03,SOFR,5.33,5.28,5.31,5.4,5.44,1498,,,,,,,,,,,
505,2023-10-02,SOFR,5.32,5.27,5.3,5.4,5.43,1513,,,,,,,,,,,
506,2023-09-29,SOFR,5.31,5.25,5.3,5.37,5.42,1537,,,,,,,,,,,
507,2023-09-28,SOFR,5.31,5.26,5.3,5.38,5.43,1535,,,,,,,,,,,
508,2023-09-27,SOFR,5.32,5.27,5.3,5.39,5.43,1388,,,,,,,,,,,
509,2023-09-26,SOFR,5.31,5.27,5.3,5.39,5.43,1561,,,,,,,,,,,
510,2023-09-25,SOFR,5.31,5.25,5.3,5.36,5.41,1524,,,,,,,,,,,
511,2023-09-22,SOFR,5.3,5.25,5.3,5.35,5.39,1511,,,,,,,,,,,
512,2023-09-21,SOFR,5.3,5.25,5.3,5.35,5.39,1522,,,,,,,,,,,
513,2023-09-20,SOFR,5.3,5.25,5.3,5.34,5.39,1492,,,,,,,,,,,
514,2023-09-19,SOFR,5.31,5.25,5.3,5.36,5.4,1562,,,,,,,,,,,
515,2023-09-18,SOFR,5.31,5.26,5.3,5.37,5.41,1565,,,,,,,,,,,
516,2023-09-15,SOFR,5.31,5.25,5.3,5.36,5.4,1586,,,,,,,,,,,
517,2023-09-14,SOFR,5.3,5.25,5.3,5.35,5.39,1436,,,,,,,,,,,
518,2023-09-13,SOFR,5.3,5.25,5.3,5.35,5.39,1385,,,,,,,,,,,
519,2023-09-12,SOFR,5.3,5.25,5.3,5.35,5.39,1448,,,,,,,,,,,
520,2023-09-11,SOFR,5.3,5.25,5.3,5.35,5.39,1378,,,,,,,,,,,
521,2023-09-08,SOFR,5.3,5.25,5.3,5.35,5.39,1420,,,,,,,,,,,
522,2023-09-07,SOFR,5.31,5.25,5.3,5.35,5.4,1479,,,,,,,,,,,
523,2023-09-06,SOFR,5.3,5.25,5.3,5.35,5.39,1391,,,,,,,,,,,
524,2023-09-05,SOFR,5.31,5.25,5.3,5.36,5.4,1472,,,,,,,,,,,
525,2023-09-01,SOFR,5.31,5.25,5.3,5.36,5.4,1458,,,,,,,,,,,
526,2023-08-31,SOFR,5.31,5.25,5.3,5.36,5.4,1549,,,,,,,,,,,
527,2023-08-30,SOFR,5.3,5.25,5.3,5.34,5.4,1311,,,,,,,,,,,
528,2023-08-29,SOFR,5.3,5.25,5.3,5.35,5.4,1314,,,,,,,,,,,
529,2023-08-28,SOFR,5.3,5.25,5.3,5.35,5.39,1384,,,,,,,,,,,
530,2023-08-25,SOFR,5.3,5.25,5.3,5.35,5.39,1344,,,,,,,,,,,
531,2023-08-24,SOFR,5.3,5.25,5.29,5.34,5.38,1344,,,,,,,,,,,
532,2023-08-23,SOFR,5.3,5.24,5.28,5.33,5.37,1270,,,,,,,,,,,
533,2023-08-22,SOFR,5.3,5.23,5.27,5.32,5.37,1307,,,,,,,,,,,
534,2023-08-21,SOFR,5.3,5.23,5.27,5.31,5.36,1322,,,,,,,,,,,
535,2023-08-18,SOFR,5.3,5.24,5.28,5.31,5.37,1314,,,,,,,,,,,
536,2023-08-17,SOFR,5.3,5.25,5.29,5.33,5.38,1343,,,,,,,,,,,
537,2023-08-16,SOFR,5.3,5.25,5.29,5.34,5.39,1391,,,,,,,,,,,
538,2023-08-15,SOFR,5.3,5.25,5.3,5.35,5.4,1413,,,,,,,,,,,
539,2023-08-14,SOFR,5.3,5.25,5.29,5.34,5.39,1333,,,,,,,,,,,
540,2023-08-11,SOFR,5.3,5.25,5.29,5.34,5.39,1347,,,,,,,,,,,
541,2023-08-10,SOFR,5.3,5.25,5.3,5.34,5.38,1360,,,,,,,,,,,
542,2023-08-09,SOFR,5.3,5.24,5.28,5.32,5.38,1322,,,,,,,,,,,
543,2023-08-08,SOFR,5.3,5.23,5.28,5.31,5.38,1340,,,,,,,,,,,
544,2023-08-07,SOFR,5.3,5.23,5.28,5.31,5.38,1349,,,,,,,,,,,
545,2023-08-04,SOFR,5.3,5.23,5.29,5.32,5.38,1369,,,,,,,,,,,
546,2023-08-03,SOFR,5.3,5.24,5.29,5.34,5.39,1413,,,,,,,,,,,
547,2023-08-02,SOFR,5.3,5.25,5.3,5.34,5.39,1416,,,,,,,,,,,
548,2023-08-01,SOFR,5.31,5.25,5.3,5.35,5.4,1495,,,,,,,,,,,
549,2023-07-31,SOFR,5.31,5.25,5.3,5.36,5.41,1551,,,,,,,,,,,
550,2023-07-28,SOFR,5.3,5.25,5.3,5.36,5.41,1419,,,,,,,,,,,
551,2023-07-27,SOFR,5.31,5.07,5.3,5.37,5.42,1501,,,,,,,,,,,
552,2023-07-26,SOFR,5.06,5.0,5.05,5.11,5.16,1452,,,,,,,,,,,
553,2023-07-25,SOFR,5.06,5.0,5.05,5.1,5.15,1470,,,,,,,,,,,
554,2023-07-24,SOFR,5.05,5.0,5.05,5.09,5.13,1365,,,,,,,,,,,
555,2023-07-21,SOFR,5.05,5.0,5.05,5.09,5.14,1400,,,,,,,,,,,
556,2023-07-20,SOFR,5.06,5.0,5.05,5.1,5.14,1460,,,,,,,,,,,
557,2023-07-19,SOFR,5.05,5.0,5.05,5.1,5.14,1456,,,,,,,,,,,
558,2023-07-18,SOFR,5.06,5.0,5.05,5.1,5.15,1482,,,,,,,,,,,
559,2023-07-17,SOFR,5.06,5.0,5.05,5.11,5.15,1524,,,,,,,,,,,
560,2023-07-14,SOFR,5.05,5.0,5.05,5.1,5.15,1448,,,,,,,,,,,
561,2023-07-13,SOFR,5.06,5.0,5.05,5.09,5.14,1445,,,,,,,,,,,
562,2023-07-12,SOFR,5.05,5.0,5.05,5.09,5.15,1361,,,,,,,,,,,
563,2023-07-11,SOFR,5.06,5.0,5.05,5.11,5.15,1439,,,,,,,,,,,
564,2023-07-10,SOFR,5.06,5.0,5.05,5.12,5.17,1506,,,,,,,,,,,
565,2023-07-07,SOFR,5.06,5.0,5.05,5.13,5.17,1547,,,,,,,,,,,
566,2023-07-06,SOFR,5.06,5.0,5.05,5.13,5.18,1573,,,,,,,,,,,
567,2023-07-05,SOFR,5.06,5.0,5.05,5.13,5.17,1589,,,,,,,,,,,
568,2023-07-03,SOFR,5.06,5.0,5.05,5.14,5.18,1579,,,,,,,,,,,
569,2023-06-30,SOFR,5.09,4.95,5.05,5.16,5.22,1549,,,,,,,,,,,
570,2023-06-29,SOFR,5.06,5.0,5.05,5.14,5.19,1542,,,,,,,,,,,
571,2023-06-28,SOFR,5.06,5.0,5.05,5.13,5.18,1499,,,,,,,,,,,
572,2023-06-27,SOFR,5.05,5.0,5.05,5.12,5.16,1481,,,,,,,,,,,
573,2023-06-26,SOFR,5.05,5.0,5.05,5.11,5.15,1429,,,,,,,,,,,
574,2023-06-23,SOFR,5.05,5.0,5.05,5.11,5.15,1389,,,,,,,,,,,
575,2023-06-22,SOFR,5.05,5.0,5.05,5.1,5.14,1354,,,,,,,,,,,
576,2023-06-21,SOFR,5.05,5.0,5.04,5.1,5.14,1387,,,,,,,,,,,
577,2023-06-20,SOFR,5.05,4.98,5.05,5.1,5.14,1427,,,,,,,,,,,
578,2023-06-16,SOFR,5.05,5.0,5.05,5.11,5.15,1405,,,,,,,,,,,
579,2023-06-15,SOFR,5.06,5.0,5.05,5.12,5.17,1527,,,,,,,,,,,
580,2023-06-14,SOFR,5.05,4.99,5.03,5.09,5.14,1397,,,,,,,,,,,
581,2023-06-13,SOFR,5.05,4.98,5.04,5.09,5.14,1375,,,,,,,,,,,
582,2023-06-12,SOFR,5.05,4.97,5.03,5.08,5.13,1399,,,,,,,,,,,
583,2023-06-09,SOFR,5.05,4.99,5.03,5.09,5.13,1392,,,,,,,,,,,
584,2023-06-08,SOFR,5.05,4.99,5.03,5.09,5.14,1402,,,,,,,,,,,
585,2023-06-07,SOFR,5.05,4.99,5.03,5.09,5.15,1429,,,,,,,,,,,
586,2023-06-06,SOFR,5.05,5.0,5.04,5.1,5.15,1414,,,,,,,,,,,
587,2023-06-05,SOFR,5.06,5.0,5.05,5.13,5.18,1472,,,,,,,,,,,
588,2023-06-02,SOFR,5.07,5.0,5.05,5.17,5.23,1475,,,,,,,,,,,
589,2023-06-01,SOFR,5.08,5.0,5.06,5.19,5.24,1627,,,,,,,,,,,
590,2023-05-31,SOFR,5.08,5.0,5.05,5.17,5.21,1623,,,,,,,,,,,
591,2023-05-30,SOFR,5.06,4.99,5.05,5.13,5.19,1530,,,,,,,,,,,
592,2023-05-26,SOFR,5.06,5.0,5.05,5.15,5.22,1476,,,,,,,,,,,
593,2023-05-25,SOFR,5.06,5.0,5.05,5.15,5.21,1537,,,,,,,,,,,
594,2023-05-24,SOFR,5.05,4.99,5.05,5.11,5.15,1401,,,,,,,,,,,
595,2023-05-23,SOFR,5.05,4.98,5.04,5.1,5.14,1383,,,,,,,,,,,
596,2023-05-22,SOFR,5.05,4.97,5.03,5.09,5.13,1434,,,,,,,,,,,
597,2023-05-19,SOFR,5.05,4.97,5.04,5.09,5.14,1363,,,,,,,,,,,
598,2023-05-18,SOFR,5.05,4.97,5.05,5.1,5.15,1401,,,,,,,,,,,
599,2023-05-17,SOFR,5.05,4.98,5.05,5.1,5.15,1401,,,,,,,,,,,
600,2023-05-16,SOFR,5.05,4.99,5.05,5.11,5.15,1466,,,,,,,,,,,
601,2023-05-15,SOFR,5.06,4.99,5.05,5.11,5.15,1497,,,,,,,,,,,
602,2023-05-12,SOFR,5.05,4.98,5.04,5.09,5.14,1352,,,,,,,,,,,
603,2023-05-11,SOFR,5.05,4.98,5.04,5.09,5.13,1372,,,,,,,,,,,
604,2023-05-10,SOFR,5.06,4.98,5.05,5.11,5.17,1410,,,,,,,,,,,
605,2023-05-09,SOFR,5.06,5.0,5.05,5.12,5.17,1482,,,,,,,,,,,
606,2023-05-08,SOFR,5.06,4.99,5.05,5.12,5.17,1497,,,,,,,,,,,
607,2023-05-05,SOFR,5.06,5.0,5.05,5.13,5.18,1517,,,,,,,,,,,
608,2023-05-04,SOFR,5.06,4.82,5.05,5.13,5.17,1590,,,,,,,,,,,
609,2023-05-03,SOFR,4.81,4.75,4.8,4.87,4.92,1544,,,,,,,,,,,
610,2023-05-02,SOFR,4.81,4.75,4.8,4.87,4.91,1537,,,,,,,,,,,
611,2023-05-01,SOFR,4.81,4.75,4.8,4.87,4.91,1577,,,,,,,,,,,
612,2023-04-28,SOFR,4.81,4.75,4.8,4.87,4.92,1378,,,,,,,,,,,
613,2023-04-27,SOFR,4.81,4.74,4.8,4.86,4.9,1337,,,,,,,,,,,
614,2023-04-26,SOFR,4.8,4.74,4.79,4.85,4.89,1345,,,,,,,,,,,
615,2023-04-25,SOFR,4.8,4.74,4.79,4.85,4.89,1329,,,,,,,,,,,
616,2023-04-24,SOFR,4.8,4.73,4.78,4.84,4.88,1298,,,,,,,,,,,
617,2023-04-21,SOFR,4.8,4.72,4.77,4.83,4.87,1324,,,,,,,,,,,
618,2023-04-20,SOFR,4.8,4.72,4.77,4.81,4.87,1281,,,,,,,,,,,
619,2023-04-19,SOFR,4.8,4.73,4.78,4.83,4.88,1307,,,,,,,,,,,
620,2023-04-18,SOFR,4.8,4.74,4.79,4.85,4.9,1364,,,,,,,,,,,
621,2023-04-17,SOFR,4.8,4.74,4.79,4.85,4.89,1406,,,,,,,,,,,
622,2023-04-14,SOFR,4.8,4.74,4.79,4.84,4.88,1312,,,,,,,,,,,
623,2023-04-13,SOFR,4.8,4.74,4.78,4.83,4.92,1378,,,,,,,,,,,
624,2023-04-12,SOFR,4.8,4.74,4.78,4.83,4.88,1358,,,,,,,,,,,
625,2023-04-11,SOFR,4.8,4.75,4.8,4.85,4.9,1365,,,,,,,,,,,
626,2023-04-10,SOFR,4.81,4.6,4.8,4.86,4.91,1366,,,,,,,,,,,
627,2023-04-06,SOFR,4.81,4.75,4.8,4.87,4.91,1431,,,,,,,,,,,
628,2023-04-05,SOFR,4.81,4.75,4.8,4.88,4.93,1427,,,,,,,,,,,
629,2023-04-04,SOFR,4.83,4.75,4.8,4.9,4.95,1427,,,,,,,,,,,
630,2023-04-03,SOFR,4.84,4.75,4.8,4.9,4.97,1477,,,,,,,,,,,
631,2023-03-31,SOFR,4.87,4.75,4.8,4.93,5.0,1408,,,,,,,,,,,
632,2023-03-30,SOFR,4.82,4.75,4.8,4.89,4.93,1319,,,,,,,,,,,
633,2023-03-29,SOFR,4.83,4.75,4.8,4.89,4.95,1287,,,,,,,,,,,
634,2023-03-28,SOFR,4.84,4.75,4.8,4.92,4.97,1345,,,,,,,,,,,
635,2023-03-27,SOFR,4.81,4.75,4.8,4.88,4.95,1365,,,,,,,,,,,
636,2023-03-24,SOFR,4.8,4.75,4.8,4.86,4.9,1290,,,,,,,,,,,
637,2023-03-23,SOFR,4.8,4.56,4.79,4.84,4.88,1355,,,,,,,,,,,
638,2023-03-22,SOFR,4.55,4.5,4.54,4.58,4.63,1203,,,,,,,,,,,
639,2023-03-21,SOFR,4.55,4.48,4.53,4.58,4.63,1247,,,,,,,,,,,
640,2023-03-20,SOFR,4.55,4.45,4.54,4.58,4.63,1288,,,,,,,,,,,
641,2023-03-17,SOFR,4.55,4.47,4.55,4.59,4.64,1265,,,,,,,,,,,
642,2023-03-16,SOFR,4.57,4.49,4.55,4.62,4.69,1272,,,,,,,,,,,
643,2023-03-15,SOFR,4.58,4.45,4.56,4.66,4.72,1252,,,,,,,,,,,
644,2023-03-14,SOFR,4.55,4.4,4.53,4.6,4.69,1203,,,,,,,,,,,
645,2023-03-13,SOFR,4.55,4.46,4.52,4.58,4.63,1148,,,,,,,,,,,
646,2023-03-10,SOFR,4.55,4.46,4.52,4.57,4.61,1088,,,,,,,,,,,
647,2023-03-09,SOFR,4.55,4.48,4.52,4.56,4.62,1120,,,,,,,,,,,
648,2023-03-08,SOFR,4.55,4.48,4.52,4.57,4.62,1096,,,,,,,,,,,
649,2023-03-07,SOFR,4.55,4.48,4.52,4.56,4.61,1151,,,,,,,,,,,
650,2023-03-06,SOFR,4.55,4.47,4.52,4.56,4.62,1129,,,,,,,,,,,
651,2023-03-03,SOFR,4.55,4.47,4.52,4.57,4.62,1120,,,,,,,,,,,
652,2023-03-02,SOFR,4.55,4.48,4.52,4.58,4.64,1150,,,,,,,,,,,
653,2023-03-01,SOFR,4.55,4.46,4.52,4.58,4.63,1172,,,,,,,,,,,
654,2023-02-28,SOFR,4.55,4.35,4.53,4.59,4.64,1230,,,,,,,,,,,
655,2023-02-27,SOFR,4.55,4.45,4.52,4.57,4.62,1145,,,,,,,,,,,
656,2023-02-24,SOFR,4.55,4.45,4.52,4.56,4.61,1122,,,,,,,,,,,
657,2023-02-23,SOFR,4.55,4.45,4.52,4.56,4.61,1137,,,,,,,,,,,
658,2023-02-22,SOFR,4.55,4.47,4.52,4.57,4.62,1129,,,,,,,,,,,
659,2023-02-21,SOFR,4.55,4.46,4.53,4.57,4.62,1164,,,,,,,,,,,
660,2023-02-17,SOFR,4.55,4.47,4.53,4.58,4.64,1209,,,,,,,,,,,
661,2023-02-16,SOFR,4.55,4.48,4.54,4.6,4.64,1244,,,,,,,,,,,
662,2023-02-15,SOFR,4.55,4.48,4.54,4.6,4.64,1239,,,,,,,,,,,
663,2023-02-14,SOFR,4.55,4.47,4.53,4.59,4.63,1216,,,,,,,,,,,
664,2023-02-13,SOFR,4.55,4.48,4.53,4.58,4.63,1153,,,,,,,,,,,
665,2023-02-10,SOFR,4.55,4.47,4.53,4.58,4.63,1186,,,,,,,,,,,
666,2023-02-09,SOFR,4.55,4.48,4.53,4.59,4.64,1212,,,,,,,,,,,
667,2023-02-08,SOFR,4.55,4.47,4.53,4.58,4.63,1184,,,,,,,,,,,
668,2023-02-07,SOFR,4.55,4.48,4.53,4.58,4.63,1208,,,,,,,,,,,
669,2023-02-06,SOFR,4.55,4.47,4.53,4.58,4.62,1209,,,,,,,,,,,
670,2023-02-03,SOFR,4.55,4.48,4.53,4.58,4.63,1216,,,,,,,,,,,
671,2023-02-02,SOFR,4.56,4.32,4.54,4.6,4.64,1290,,,,,,,,,,,
672,2023-02-01,SOFR,4.31,4.23,4.3,4.35,4.4,1199,,,,,,,,,,,
673,2023-01-31,SOFR,4.31,4.23,4.3,4.36,4.41,1281,,,,,,,,,,,
674,2023-01-30,SOFR,4.3,4.22,4.28,4.33,4.4,1158,,,,,,,,,,,
675,2023-01-27,SOFR,4.3,4.23,4.29,4.33,4.38,1165,,,,,,,,,,,
676,2023-01-26,SOFR,4.3,4.23,4.29,4.34,4.39,1165,,,,,,,,,,,
677,2023-01-25,SOFR,4.31,4.23,4.29,4.34,4.38,1157,,,,,,,,,,,
678,2023-01-24,SOFR,4.3,4.23,4.29,4.34,4.39,1163,,,,,,,,,,,
679,2023-01-23,SOFR,4.3,4.22,4.27,4.31,4.37,1150,,,,,,,,,,,
680,2023-01-20,SOFR,4.3,4.22,4.28,4.33,4.39,1169,,,,,,,,,,,
681,2023-01-19,SOFR,4.31,4.23,4.29,4.34,4.4,1231,,,,,,,,,,,
682,2023-01-18,SOFR,4.3,4.22,4.29,4.34,4.4,1193,,,,,,,,,,,
683,2023-01-17,SOFR,4.31,4.23,4.3,4.37,4.43,1248,,,,,,,,,,,
684,2023-01-13,SOFR,4.3,4.22,4.28,4.33,4.41,1101,,,,,,,,,,,
685,2023-01-12,SOFR,4.3,4.22,4.29,4.34,4.41,1108,,,,,,,,,,,
686,2023-01-11,SOFR,4.3,4.23,4.28,4.34,4.41,1142,,,,,,,,,,,
687,2023-01-10,SOFR,4.31,4.23,4.29,4.34,4.41,1124,,,,,,,,,,,
688,2023-01-09,SOFR,4.31,4.23,4.29,4.34,4.45,1127,,,,,,,,,,,
689,2023-01-06,SOFR,4.31,4.22,4.29,4.35,4.45,1118,,,,,,,,,,,
690,2023-01-05,SOFR,4.31,4.23,4.29,4.35,4.45,1134,,,,,,,,,,,
691,2023-01-04,SOFR,4.3,4.22,4.28,4.35,4.44,1136,,,,,,,,,,,
692,2023-01-03,SOFR,4.31,4.22,4.28,4.35,4.44,1257,,,,,,,,,,,
693,2022-12-30,SOFR,4.3,4.2,4.26,4.33,4.48,1004,,,,,,,,,,,
694,2022-12-29,SOFR,4.3,4.2,4.26,4.32,4.45,1037,,,,,,,,,,,
695,2022-12-28,SOFR,4.3,4.21,4.27,4.32,4.45,1005,,,,,,,,,,,
696,2022-12-27,SOFR,4.3,4.15,4.27,4.32,4.4,1048,,,,,,,,,,,
697,2022-12-23,SOFR,4.3,4.21,4.26,4.31,4.38,991,,,,,,,,,,,
698,2022-12-22,SOFR,4.3,4.2,4.26,4.31,4.44,1013,,,,,,,,,,,
699,2022-12-21,SOFR,4.3,4.2,4.26,4.3,4.44,1031,,,,,,,,,,,
700,2022-12-20,SOFR,4.3,4.2,4.27,4.32,4.44,1048,,,,,,,,,,,
701,2022-12-19,SOFR,4.3,4.22,4.28,4.34,4.42,1087,,,,,,,,,,,
702,2022-12-16,SOFR,4.32,4.23,4.3,4.36,4.45,1091,,,,,,,,,,,
703,2022-12-15,SOFR,4.32,4.2,4.3,4.37,4.45,1144,,,,,,,,,,,
704,2022-12-14,SOFR,3.8,3.72,3.77,3.84,3.92,1045,,,,,,,,,,,
705,2022-12-13,SOFR,3.8,3.72,3.77,3.83,3.92,1051,,,,,,,,,,,
706,2022-12-12,SOFR,3.8,3.72,3.77,3.83,3.91,1042,,,,,,,,,,,
707,2022-12-09,SOFR,3.8,3.71,3.77,3.83,3.91,1058,,,,,,,,,,,
708,2022-12-08,SOFR,3.8,3.72,3.77,3.81,3.91,1087,,,,,,,,,,,
709,2022-12-07,SOFR,3.8,3.72,3.76,3.81,3.91,1088,,,,,,,,,,,
710,2022-12-06,SOFR,3.8,3.72,3.78,3.84,3.93,1088,,,,,,,,,,,
711,2022-12-05,SOFR,3.81,3.72,3.79,3.85,3.94,1096,,,,,,,,,,,
712,2022-12-02,SOFR,3.81,3.72,3.8,3.86,3.94,1132,,,,,,,,,,,
713,2022-12-01,SOFR,3.82,3.73,3.8,3.86,3.92,1174,,,,,,,,,,,
714,2022-11-30,SOFR,3.82,3.71,3.8,3.87,3.94,1113,,,,,,,,,,,
715,2022-11-29,SOFR,3.81,3.72,3.78,3.85,3.95,1026,,,,,,,,,,,
716,2022-11-28,SOFR,3.8,3.71,3.77,3.84,3.9,1058,,,,,,,,,,,
717,2022-11-25,SOFR,3.8,3.71,3.77,3.82,3.93,1003,,,,,,,,,,,
718,2022-11-23,SOFR,3.79,3.7,3.76,3.81,3.95,984,,,,,,,,,,,
719,2022-11-22,SOFR,3.8,3.71,3.76,3.82,3.95,1038,,,,,,,,,,,
720,2022-11-21,SOFR,3.8,3.7,3.76,3.82,3.89,1015,,,,,,,,,,,
721,2022-11-18,SOFR,3.8,3.71,3.77,3.83,3.92,1037,,,,,,,,,,,
722,2022-11-17,SOFR,3.8,3.71,3.78,3.84,3.9,1075,,,,,,,,,,,
723,2022-11-16,SOFR,3.81,3.72,3.78,3.85,3.92,1096,,,,,,,,,,,
724,2022-11-15,SOFR,3.8,3.7,3.78,3.85,3.95,1149,,,,,,,,,,,
725,2022-11-14,SOFR,3.79,3.7,3.75,3.81,3.95,1041,,,,,,,,,,,
726,2022-11-10,SOFR,3.78,3.7,3.75,3.8,3.95,987,,,,,,,,,,,
727,2022-11-09,SOFR,3.78,3.7,3.75,3.8,3.95,969,,,,,,,,,,,
728,2022-11-08,SOFR,3.78,3.69,3.75,3.8,3.95,978,,,,,,,,,,,
729,2022-11-07,SOFR,3.78,3.7,3.75,3.81,3.95,981,,,,,,,,,,,
730,2022-11-04,SOFR,3.8,3.7,3.76,3.82,3.95,1014,,,,,,,,,,,
731,2022-11-03,SOFR,3.8,3.25,3.76,3.83,3.89,1074,,,,,,,,,,,
732,2022-11-02,SOFR,3.05,2.95,3.01,3.08,3.2,1021,,,,,,,,,,,
733,2022-11-01,SOFR,3.05,2.95,3.01,3.08,3.13,1079,,,,,,,,,,,
734,2022-10-31,SOFR,3.05,2.93,3.01,3.07,3.2,1075,,,,,,,,,,,
735,2022-10-28,SOFR,3.05,2.95,3.0,3.06,3.2,951,,,,,,,,,,,
736,2022-10-27,SOFR,3.04,2.94,3.0,3.06,3.2,973,,,,,,,,,,,
737,2022-10-26,SOFR,3.03,2.95,3.0,3.05,3.2,972,,,,,,,,,,,
738,2022-10-25,SOFR,3.02,2.93,3.0,3.05,3.2,961,,,,,,,,,,,
739,2022-10-24,SOFR,3.01,2.93,2.99,3.04,3.2,962,,,,,,,,,,,
740,2022-10-21,SOFR,3.02,2.93,2.99,3.04,3.2,955,,,,,,,,,,,
741,2022-10-20,SOFR,3.03,2.93,3.0,3.05,3.2,963,,,,,,,,,,,
742,2022-10-19,SOFR,3.04,2.94,3.0,3.05,3.2,919,,,,,,,,,,,
743,2022-10-18,SOFR,3.04,2.95,3.0,3.06,3.2,967,,,,,,,,,,,
744,2022-10-17,SOFR,3.05,2.95,3.0,3.06,3.2,979,,,,,,,,,,,
745,2022-10-14,SOFR,3.04,2.95,3.0,3.05,3.2,958,,,,,,,,,,,
746,2022-10-13,SOFR,3.04,2.95,3.0,3.06,3.2,1000,,,,,,,,,,,
747,2022-10-12,SOFR,3.04,2.95,3.0,3.06,3.2,972,,,,,,,,,,,
748,2022-10-11,SOFR,3.05,2.95,3.0,3.07,3.2,993,,,,,,,,,,,
749,2022-10-07,SOFR,3.05,2.95,3.0,3.06,3.2,968,,,,,,,,,,,
750,2022-10-06,SOFR,3.05,2.95,3.0,3.07,3.2,985,,,,,,,,,,,
751,2022-10-05,SOFR,3.04,2.95,3.0,3.06,3.2,992,,,,,,,,,,,
752,2022-10-04,SOFR,3.04,2.95,3.0,3.06,3.2,996,,,,,,,,,,,
753,2022-10-03,SOFR,3.0,2.93,2.97,3.05,3.2,1009,,,,,,,,,,,
754,2022-09-30,SOFR,2.98,2.88,2.95,3.03,3.2,956,,,,,,,,,,,
755,2022-09-29,SOFR,2.96,2.88,2.94,2.99,3.2,906,,,,,,,,,,,
756,2022-09-28,SOFR,2.98,2.88,2.95,3.0,3.2,911,,,,,,,,,,,
757,2022-09-27,SOFR,2.98,2.83,2.96,3.0,3.2,949,,,,,,,,,,,
758,2022-09-26,SOFR,2.99,2.8,2.96,3.0,3.2,976,,,,,,,,,,,
759,2022-09-23,SOFR,2.99,2.9,2.97,3.01,3.2,968,,,,,,,,,,,
760,2022-09-22,SOFR,2.99,2.26,2.97,3.01,3.13,1023,,,,,,,,,,,
761,2022-09-21,SOFR,2.25,2.12,2.23,2.27,2.45,951,,,,,,,,,,,
762,2022-09-20,SOFR,2.26,2.05,2.24,2.28,2.45,967,,,,,,,,,,,
763,2022-09-19,SOFR,2.27,2.15,2.25,2.3,2.45,948,,,,,,,,,,,
764,2022-09-16,SOFR,2.27,2.1,2.25,2.3,2.45,952,,,,,,,,,,,
765,2022-09-15,SOFR,2.28,2.18,2.26,2.3,2.45,981,,,,,,,,,,,
766,2022-09-14,SOFR,2.27,2.2,2.25,2.3,2.45,951,,,,,,,,,,,
767,2022-09-13,SOFR,2.28,2.18,2.26,2.3,2.45,957,,,,,,,,,,,
768,2022-09-12,SOFR,2.28,2.2,2.26,2.3,2.45,980,,,,,,,,,,,
769,2022-09-09,SOFR,2.28,2.2,2.26,2.3,2.45,958,,,,,,,,,,,
770,2022-09-08,SOFR,2.28,2.18,2.26,2.3,2.45,981,,,,,,,,,,,
771,2022-09-07,SOFR,2.28,2.19,2.26,2.3,2.45,958,,,,,,,,,,,
772,2022-09-06,SOFR,2.29,2.18,2.26,2.3,2.45,989,,,,,,,,,,,
773,2022-09-02,SOFR,2.29,2.19,2.26,2.31,2.45,965,,,,,,,,,,,
774,2022-09-01,SOFR,2.29,2.2,2.26,2.31,2.45,979,,,,,,,,,,,
775,2022-08-31,SOFR,2.29,2.15,2.26,2.31,2.45,1024,,,,,,,,,,,
776,2022-08-30,SOFR,2.29,2.2,2.26,2.3,2.45,948,,,,,,,,,,,
777,2022-08-29,SOFR,2.28,2.19,2.25,2.3,2.45,963,,,,,,,,,,,
778,2022-08-26,SOFR,2.28,2.2,2.25,2.3,2.45,953,,,,,,,,,,,
779,2022-08-25,SOFR,2.28,2.2,2.25,2.3,2.45,970,,,,,,,,,,,
780,2022-08-24,SOFR,2.27,2.18,2.25,2.3,2.45,969,,,,,,,,,,,
781,2022-08-23,SOFR,2.27,2.18,2.25,2.3,2.45,952,,,,,,,,,,,
782,2022-08-22,SOFR,2.28,2.15,2.25,2.3,2.37,994,,,,,,,,,,,
783,2022-08-19,SOFR,2.28,2.18,2.26,2.3,2.45,960,,,,,,,,,,,
784,2022-08-18,SOFR,2.28,2.18,2.26,2.3,2.45,973,,,,,,,,,,,
785,2022-08-17,SOFR,2.29,2.19,2.26,2.3,2.45,966,,,,,,,,,,,
786,2022-08-16,SOFR,2.29,2.2,2.26,2.31,2.45,974,,,,,,,,,,,
787,2022-08-15,SOFR,2.29,2.19,2.26,2.31,2.45,1014,,,,,,,,,,,
788,2022-08-12,SOFR,2.28,2.19,2.26,2.3,2.45,966,,,,,,,,,,,
789,2022-08-11,SOFR,2.28,2.18,2.26,2.3,2.45,965,,,,,,,,,,,
790,2022-08-10,SOFR,2.28,2.19,2.26,2.3,2.45,970,,,,,,,,,,,
791,2022-08-09,SOFR,2.29,2.2,2.26,2.3,2.45,947,,,,,,,,,,,
792,2022-08-08,SOFR,2.28,2.19,2.26,2.3,2.45,950,,,,,,,,,,,
793,2022-08-05,SOFR,2.28,2.19,2.26,2.3,2.45,965,,,,,,,,,,,
794,2022-08-04,SOFR,2.29,2.2,2.26,2.3,2.45,981,,,,,,,,,,,
795,2022-08-03,SOFR,2.29,2.18,2.26,2.31,2.45,984,,,,,,,,,,,
796,2022-08-02,SOFR,2.3,2.2,2.27,2.32,2.37,1015,,,,,,,,,,,
797,2022-08-01,SOFR,2.28,2.18,2.25,2.3,2.38,1035,,,,,,,,,,,
798,2022-07-29,SOFR,2.27,2.19,2.25,2.29,2.45,949,,,,,,,,,,,
799,2022-07-28,SOFR,2.28,1.55,2.25,2.3,2.45,965,,,,,,,,,,,
800,2022-07-27,SOFR,1.53,1.4,1.5,1.55,1.7,941,,,,,,,,,,,
801,2022-07-26,SOFR,1.53,1.45,1.5,1.55,1.7,951,,,,,,,,,,,
802,2022-07-25,SOFR,1.53,1.41,1.5,1.55,1.7,985,,,,,,,,,,,
803,2022-07-22,SOFR,1.52,1.45,1.5,1.54,1.7,931,,,,,,,,,,,
804,2022-07-21,SOFR,1.53,1.2,1.5,1.55,1.7,960,,,,,,,,,,,
805,2022-07-20,SOFR,1.53,1.43,1.5,1.55,1.7,916,,,,,,,,,,,
806,2022-07-19,SOFR,1.54,1.45,1.51,1.55,1.7,933,,,,,,,,,,,
807,2022-07-18,SOFR,1.54,1.45,1.51,1.55,1.7,947,,,,,,,,,,,
808,2022-07-15,SOFR,1.54,1.45,1.51,1.55,1.7,950,,,,,,,,,,,
809,2022-07-14,SOFR,1.53,1.45,1.5,1.55,1.7,934,,,,,,,,,,,
810,2022-07-13,SOFR,1.53,1.44,1.5,1.55,1.7,924,,,,,,,,,,,
811,2022-07-12,SOFR,1.54,1.45,1.5,1.55,1.7,941,,,,,,,,,,,
812,2022-07-11,SOFR,1.53,1.44,1.5,1.55,1.7,930,,,,,,,,,,,
813,2022-07-08,SOFR,1.53,1.0,1.5,1.55,1.7,942,,,,,,,,,,,
814,2022-07-07,SOFR,1.54,1.45,1.5,1.55,1.7,966,,,,,,,,,,,
815,2022-07-06,SOFR,1.54,1.45,1.5,1.55,1.7,966,,,,,,,,,,,
816,2022-07-05,SOFR,1.54,1.4,1.5,1.55,1.65,1042,,,,,,,,,,,
817,2022-07-01,SOFR,1.52,1.43,1.48,1.55,1.7,1001,,,,,,,,,,,
818,2022-06-30,SOFR,1.5,0.75,1.47,1.53,1.62,995,,,,,,,,,,,
819,2022-06-29,SOFR,1.51,1.42,1.48,1.54,1.7,940,,,,,,,,,,,
820,2022-06-28,SOFR,1.52,1.42,1.48,1.55,1.7,929,,,,,,,,,,,
821,2022-06-27,SOFR,1.5,1.4,1.47,1.54,1.7,945,,,,,,,,,,,
822,2022-06-24,SOFR,1.46,1.38,1.43,1.5,1.7,926,,,,,,,,,,,
823,2022-06-23,SOFR,1.44,1.35,1.42,1.48,1.7,944,,,,,,,,,,,
824,2022-06-22,SOFR,1.45,1.37,1.43,1.49,1.7,942,,,,,,,,,,,
825,2022-06-21,SOFR,1.45,1.0,1.43,1.48,1.7,957,,,,,,,,,,,
826,2022-06-17,SOFR,1.45,1.38,1.43,1.49,1.7,923,,,,,,,,,,,
827,2022-06-16,SOFR,1.45,1.0,1.42,1.49,1.7,976,,,,,,,,,,,
828,2022-06-15,SOFR,0.7,0.63,0.68,0.75,0.95,917,,,,,,,,,,,
829,2022-06-14,SOFR,0.69,0.6,0.67,0.75,0.95,925,,,,,,,,,,,
830,2022-06-13,SOFR,0.73,0.65,0.71,0.78,0.95,970,,,,,,,,,,,
831,2022-06-10,SOFR,0.75,0.6,0.73,0.79,0.95,960,,,,,,,,,,,
832,2022-06-09,SOFR,0.75,0.65,0.74,0.8,0.95,985,,,,,,,,,,,
833,2022-06-08,SOFR,0.76,0.7,0.74,0.8,0.95,959,,,,,,,,,,,
834,2022-06-07,SOFR,0.77,0.7,0.75,0.8,0.95,947,,,,,,,,,,,
835,2022-06-06,SOFR,0.78,0.72,0.76,0.8,0.95,959,,,,,,,,,,,
836,2022-06-03,SOFR,0.78,0.73,0.76,0.8,0.95,954,,,,,,,,,,,
837,2022-06-02,SOFR,0.79,0.7,0.77,0.8,0.95,974,,,,,,,,,,,
838,2022-06-01,SOFR,0.8,0.73,0.77,0.8,0.95,994,,,,,,,,,,,
839,2022-05-31,SOFR,0.79,0.71,0.77,0.8,0.87,1040,,,,,,,,,,,
840,2022-05-27,SOFR,0.78,0.72,0.76,0.8,0.95,963,,,,,,,,,,,
841,2022-05-26,SOFR,0.78,0.7,0.76,0.8,0.95,955,,,,,,,,,,,
842,2022-05-25,SOFR,0.78,0.72,0.76,0.8,0.95,942,,,,,,,,,,,
843,2022-05-24,SOFR,0.78,0.72,0.76,0.8,0.95,968,,,,,,,,,,,
844,2022-05-23,SOFR,0.78,0.71,0.76,0.8,0.95,984,,,,,,,,,,,
845,2022-05-20,SOFR,0.78,0.71,0.76,0.8,0.95,943,,,,,,,,,,,
846,2022-05-19,SOFR,0.79,0.71,0.77,0.8,0.95,982,,,,,,,,,,,
847,2022-05-18,SOFR,0.79,0.73,0.77,0.8,0.95,939,,,,,,,,,,,
848,2022-05-17,SOFR,0.8,0.7,0.78,0.81,0.95,977,,,,,,,,,,,
849,2022-05-16,SOFR,0.8,0.65,0.78,0.81,0.87,1013,,,,,,,,,,,
850,2022-05-13,SOFR,0.79,0.71,0.77,0.8,0.95,917,,,,,,,,,,,
851,2022-05-12,SOFR,0.79,0.71,0.77,0.8,0.95,922,,,,,,,,,,,
852,2022-05-11,SOFR,0.78,0.72,0.76,0.8,0.95,925,,,,,,,,,,,
853,2022-05-10,SOFR,0.78,0.72,0.76,0.8,0.95,914,,,,,,,,,,,
854,2022-05-09,SOFR,0.78,0.72,0.76,0.8,0.95,931,,,,,,,,,,,
855,2022-05-06,SOFR,0.78,0.72,0.76,0.8,0.95,979,,,,,,,,,,,
856,2022-05-05,SOFR,0.79,0.72,0.77,0.8,0.86,992,,,,,,,,,,,
857,2022-05-04,SOFR,0.3,0.22,0.27,0.3,0.45,947,,,,,,,,,,,
858,2022-05-03,SOFR,0.3,0.23,0.28,0.3,0.45,923,,,,,,,,,,,
859,2022-05-02,SOFR,0.3,0.23,0.27,0.3,0.45,984,,,,,,,,,,,
860,2022-04-29,SOFR,0.28,0.1,0.26,0.3,0.45,915,,,,,,,,,,,
861,2022-04-28,SOFR,0.28,0.21,0.26,0.3,0.45,892,,,,,,,,,,,
862,2022-04-27,SOFR,0.28,0.21,0.26,0.3,0.45,882,,,,,,,,,,,
863,2022-04-26,SOFR,0.27,0.2,0.25,0.3,0.45,897,,,,,,,,,,,
864,2022-04-25,SOFR,0.27,0.15,0.25,0.3,0.45,898,,,,,,,,,,,
865,2022-04-22,SOFR,0.27,0.2,0.24,0.3,0.45,901,,,,,,,,,,,
866,2022-04-21,SOFR,0.26,0.19,0.23,0.3,0.45,906,,,,,,,,,,,
867,2022-04-20,SOFR,0.27,0.2,0.24,0.3,0.45,912,,,,,,,,,,,
868,2022-04-19,SOFR,0.28,0.21,0.26,0.3,0.45,895,,,,,,,,,,,
869,2022-04-18,SOFR,0.29,0.1,0.27,0.3,0.45,896,,,,,,,,,,,
870,2022-04-14,SOFR,0.29,0.21,0.27,0.3,0.45,886,,,,,,,,,,,
871,2022-04-13,SOFR,0.29,0.21,0.27,0.3,0.45,874,,,,,,,,,,,
872,2022-04-12,SOFR,0.29,0.21,0.27,0.3,0.45,883,,,,,,,,,,,
873,2022-04-11,SOFR,0.3,0.21,0.27,0.3,0.45,886,,,,,,,,,,,
874,2022-04-08,SOFR,0.3,0.21,0.27,0.3,0.45,905,,,,,,,,,,,
875,2022-04-07,SOFR,0.3,0.21,0.27,0.3,0.45,906,,,,,,,,,,,
876,2022-04-06,SOFR,0.3,0.22,0.27,0.3,0.45,905,,,,,,,,,,,
877,2022-04-05,SOFR,0.3,0.22,0.27,0.3,0.45,929,,,,,,,,,,,
878,2022-04-04,SOFR,0.3,0.22,0.27,0.3,0.45,940,,,,,,,,,,,
879,2022-04-01,SOFR,0.3,0.21,0.27,0.3,0.45,974,,,,,,,,,,,
880,2022-03-31,SOFR,0.29,0.2,0.26,0.3,0.45,979,,,,,,,,,,,
881,2022-03-30,SOFR,0.27,0.2,0.24,0.3,0.45,900,,,,,,,,,,,
882,2022-03-29,SOFR,0.28,0.2,0.25,0.3,0.45,874,,,,,,,,,,,
883,2022-03-28,SOFR,0.28,0.2,0.25,0.3,0.45,899,,,,,,,,,,,
884,2022-03-25,SOFR,0.28,0.2,0.25,0.3,0.45,901,,,,,,,,,,,
885,2022-03-24,SOFR,0.27,0.2,0.24,0.3,0.45,900,,,,,,,,,,,
886,2022-03-23,SOFR,0.27,0.15,0.24,0.3,0.45,908,,,,,,,,,,,
887,2022-03-22,SOFR,0.28,0.21,0.25,0.3,0.45,931,,,,,,,,,,,
888,2022-03-21,SOFR,0.29,0.22,0.26,0.3,0.45,989,,,,,,,,,,,
889,2022-03-18,SOFR,0.3,0.23,0.26,0.3,0.45,968,,,,,,,,,,,
890,2022-03-17,SOFR,0.3,0.23,0.27,0.3,0.37,1003,,,,,,,,,,,
891,2022-03-16,SOFR,0.05,0.0,0.03,0.05,0.12,1016,,,,,,,,,,,
892,2022-03-15,SOFR,0.05,0.0,0.03,0.05,0.15,1014,,,,,,,,,,,
893,2022-03-14,SOFR,0.05,0.0,0.02,0.05,0.15,980,,,,,,,,,,,
894,2022-03-11,SOFR,0.05,0.0,0.03,0.05,0.15,980,,,,,,,,,,,
895,2022-03-10,SOFR,0.05,0.0,0.03,0.05,0.15,977,,,,,,,,,,,
896,2022-03-09,SOFR,0.05,0.01,0.05,0.06,0.15,952,,,,,,,,,,,
897,2022-03-08,SOFR,0.05,0.01,0.05,0.06,0.15,948,,,,,,,,,,,
898,2022-03-07,SOFR,0.05,0.01,0.05,0.06,0.15,990,,,,,,,,,,,
899,2022-03-04,SOFR,0.05,0.01,0.05,0.06,0.15,961,,,,,,,,,,,
900,2022-03-03,SOFR,0.05,0.01,0.05,0.06,0.15,1001,,,,,,,,,,,
901,2022-03-02,SOFR,0.05,0.01,0.05,0.06,0.13,1023,,,,,,,,,,,
902,2022-03-01,SOFR,0.05,0.01,0.05,0.06,0.12,1062,,,,,,,,,,,
903,2022-02-28,SOFR,0.05,0.01,0.05,0.07,0.13,1052,,,,,,,,,,,
904,2022-02-25,SOFR,0.05,0.0,0.04,0.06,0.15,962,,,,,,,,,,,
905,2022-02-24,SOFR,0.05,-0.01,0.03,0.05,0.15,924,,,,,,,,,,,
906,2022-02-23,SOFR,0.05,-0.01,0.03,0.05,0.15,902,,,,,,,,,,,
907,2022-02-22,SOFR,0.05,-0.01,0.03,0.05,0.15,930,,,,,,,,,,,
908,2022-02-18,SOFR,0.05,-0.01,0.03,0.05,0.15,931,,,,,,,,,,,
909,2022-02-17,SOFR,0.05,0.0,0.03,0.05,0.15,911,,,,,,,,,,,
910,2022-02-16,SOFR,0.05,-0.01,0.03,0.05,0.15,960,,,,,,,,,,,
911,2022-02-15,SOFR,0.05,0.0,0.03,0.05,0.15,972,,,,,,,,,,,
912,2022-02-14,SOFR,0.05,-0.01,0.02,0.05,0.15,895,,,,,,,,,,,
913,2022-02-11,SOFR,0.05,-0.01,0.02,0.05,0.15,903,,,,,,,,,,,
914,2022-02-10,SOFR,0.05,-0.02,0.01,0.05,0.15,914,,,,,,,,,,,
915,2022-02-09,SOFR,0.04,-0.02,0.01,0.05,0.15,911,,,,,,,,,,,
916,2022-02-08,SOFR,0.05,-0.02,0.01,0.05,0.15,896,,,,,,,,,,,
917,2022-02-07,SOFR,0.05,-0.01,0.02,0.05,0.15,905,,,,,,,,,,,
918,2022-02-04,SOFR,0.05,0.0,0.03,0.05,0.15,891,,,,,,,,,,,
919,2022-02-03,SOFR,0.05,0.0,0.03,0.05,0.15,935,,,,,,,,,,,
920,2022-02-02,SOFR,0.05,0.0,0.03,0.05,0.15,927,,,,,,,,,,,
921,2022-02-01,SOFR,0.05,0.0,0.03,0.05,0.15,985,,,,,,,,,,,
922,2022-01-31,SOFR,0.05,-0.01,0.02,0.05,0.12,1019,,,,,,,,,,,
923,2022-01-28,SOFR,0.05,-0.02,0.01,0.05,0.15,908,,,,,,,,,,,
924,2022-01-27,SOFR,0.04,-0.02,0.02,0.05,0.15,913,,,,,,,,,,,
925,2022-01-26,SOFR,0.04,-0.02,0.02,0.05,0.15,926,,,,,,,,,,,
926,2022-01-25,SOFR,0.05,-0.03,0.01,0.05,0.15,943,,,,,,,,,,,
927,2022-01-24,SOFR,0.04,-0.03,0.01,0.05,0.15,886,,,,,,,,,,,
928,2022-01-21,SOFR,0.05,-0.02,0.01,0.05,0.15,875,,,,,,,,,,,
929,2022-01-20,SOFR,0.04,-0.02,0.02,0.05,0.15,927,,,,,,,,,,,
930,2022-01-19,SOFR,0.05,-0.01,0.02,0.05,0.15,917,,,,,,,,,,,
931,2022-01-18,SOFR,0.05,-0.01,0.03,0.05,0.15,954,,,,,,,,,,,
932,2022-01-14,SOFR,0.05,-0.02,0.02,0.05,0.15,874,,,,,,,,,,,
933,2022-01-13,SOFR,0.05,-0.01,0.02,0.05,0.15,892,,,,,,,,,,,
934,2022-01-12,SOFR,0.05,-0.01,0.03,0.05,0.15,891,,,,,,,,,,,
935,2022-01-11,SOFR,0.05,-0.01,0.03,0.05,0.15,935,,,,,,,,,,,
936,2022-01-10,SOFR,0.05,-0.01,0.03,0.05,0.15,919,,,,,,,,,,,
937,2022-01-07,SOFR,0.05,0.0,0.04,0.05,0.15,929,,,,,,,,,,,
938,2022-01-06,SOFR,0.05,0.0,0.04,0.06,0.15,942,,,,,,,,,,,
939,2022-01-05,SOFR,0.05,0.0,0.04,0.06,0.15,946,,,,,,,,,,,
940,2022-01-04,SOFR,0.05,0.0,0.05,0.06,0.15,976,,,,,,,,,,,
941,2022-01-03,SOFR,0.05,-0.01,0.04,0.06,0.15,972,,,,,,,,,,,
942,2021-12-31,SOFR,0.05,-0.01,0.03,0.05,0.15,923,,,,,,,,,,,
943,2021-12-30,SOFR,0.05,-0.02,0.02,0.05,0.15,836,,,,,,,,,,,
944,2021-12-29,SOFR,0.05,-0.02,0.02,0.05,0.15,869,,,,,,,,,,,
945,2021-12-28,SOFR,0.05,-0.01,0.03,0.05,0.15,844,,,,,,,,,,,
946,2021-12-27,SOFR,0.05,-0.02,0.02,0.05,0.15,888,,,,,,,,,,,
947,2021-12-23,SOFR,0.05,-0.01,0.03,0.05,0.15,880,,,,,,,,,,,
948,2021-12-22,SOFR,0.05,-0.02,0.02,0.05,0.15,893,,,,,,,,,,,
949,2021-12-21,SOFR,0.05,-0.02,0.01,0.05,0.15,896,,,,,,,,,,,
950,2021-12-20,SOFR,0.04,-0.02,0.01,0.05,0.15,905,,,,,,,,,,,
951,2021-12-17,SOFR,0.05,-0.01,0.02,0.05,0.15,910,,,,,,,,,,,
952,2021-12-16,SOFR,0.05,-0.01,0.02,0.05,0.15,914,,,,,,,,,,,
953,2021-12-15,SOFR,0.05,-0.01,0.03,0.05,0.15,959,,,,,,,,,,,
954,2021-12-14,SOFR,0.05,-0.01,0.03,0.05,0.15,919,,,,,,,,,,,
955,2021-12-13,SOFR,0.05,-0.01,0.03,0.05,0.15,936,,,,,,,,,,,
956,2021-12-10,SOFR,0.05,0.0,0.04,0.06,0.15,919,,,,,,,,,,,
957,2021-12-09,SOFR,0.05,0.0,0.04,0.06,0.15,973,,,,,,,,,,,
958,2021-12-08,SOFR,0.05,0.0,0.05,0.06,0.15,978,,,,,,,,,,,
959,2021-12-07,SOFR,0.05,0.0,0.04,0.06,0.15,989,,,,,,,,,,,
960,2021-12-06,SOFR,0.05,0.0,0.04,0.06,0.14,994,,,,,,,,,,,
961,2021-12-03,SOFR,0.05,0.0,0.04,0.06,0.14,1015,,,,,,,,,,,
962,2021-12-02,SOFR,0.05,0.0,0.04,0.06,0.15,1031,,,,,,,,,,,
963,2021-12-01,SOFR,0.05,0.0,0.05,0.06,0.14,1088,,,,,,,,,,,
964,2021-11-30,SOFR,0.05,0.0,0.04,0.06,0.13,1067,,,,,,,,,,,
965,2021-11-29,SOFR,0.05,0.0,0.04,0.05,0.15,953,,,,,,,,,,,
966,2021-11-26,SOFR,0.05,0.0,0.04,0.06,0.15,895,,,,,,,,,,,
967,2021-11-24,SOFR,0.05,0.0,0.04,0.05,0.15,887,,,,,,,,,,,
968,2021-11-23,SOFR,0.05,-0.01,0.03,0.05,0.15,920,,,,,,,,,,,
969,2021-11-22,SOFR,0.05,-0.01,0.03,0.05,0.15,930,,,,,,,,,,,
970,2021-11-19,SOFR,0.05,-0.01,0.03,0.05,0.15,895,,,,,,,,,,,
971,2021-11-18,SOFR,0.05,-0.01,0.03,0.05,0.15,898,,,,,,,,,,,
972,2021-11-17,SOFR,0.05,-0.01,0.03,0.05,0.15,893,,,,,,,,,,,
973,2021-11-16,SOFR,0.05,-0.01,0.04,0.05,0.15,924,,,,,,,,,,,
974,2021-11-15,SOFR,0.05,0.0,0.04,0.05,0.15,958,,,,,,,,,,,
975,2021-11-12,SOFR,0.05,0.0,0.04,0.05,0.15,868,,,,,,,,,,,
976,2021-11-10,SOFR,0.05,0.0,0.04,0.05,0.15,871,,,,,,,,,,,
977,2021-11-09,SOFR,0.05,0.0,0.04,0.05,0.15,908,,,,,,,,,,,
978,2021-11-08,SOFR,0.05,0.0,0.04,0.05,0.15,907,,,,,,,,,,,
979,2021-11-05,SOFR,0.05,0.0,0.04,0.05,0.15,875,,,,,,,,,,,
980,2021-11-04,SOFR,0.05,-0.01,0.04,0.05,0.15,925,,,,,,,,,,,
981,2021-11-03,SOFR,0.05,0.0,0.04,0.05,0.15,877,,,,,,,,,,,
982,2021-11-02,SOFR,0.05,-0.01,0.04,0.05,0.15,910,,,,,,,,,,,
983,2021-11-01,SOFR,0.05,-0.02,0.03,0.05,0.15,959,,,,,,,,,,,
984,2021-10-29,SOFR,0.05,-0.03,0.02,0.05,0.15,847,,,,,,,,,,,
985,2021-10-28,SOFR,0.05,-0.03,0.02,0.05,0.15,871,,,,,,,,,,,
986,2021-10-27,SOFR,0.05,-0.03,0.02,0.05,0.15,865,,,,,,,,,,,
987,2021-10-26,SOFR,0.05,-0.03,0.02,0.05,0.15,877,,,,,,,,,,,
988,2021-10-25,SOFR,0.04,-0.03,0.02,0.05,0.15,858,,,,,,,,,,,
989,2021-10-22,SOFR,0.05,-0.03,0.02,0.05,0.15,863,,,,,,,,,,,
990,2021-10-21,SOFR,0.03,-0.05,0.0,0.05,0.15,879,,,,,,,,,,,
991,2021-10-20,SOFR,0.03,-0.04,0.0,0.05,0.15,857,,,,,,,,,,,
992,2021-10-19,SOFR,0.03,-0.03,0.01,0.05,0.15,875,,,,,,,,,,,
993,2021-10-18,SOFR,0.05,-0.02,0.01,0.05,0.15,879,,,,,,,,,,,
994,2021-10-15,SOFR,0.05,-0.01,0.02,0.05,0.15,889,,,,,,,,,,,
995,2021-10-14,SOFR,0.05,-0.03,0.03,0.05,0.15,873,,,,,,,,,,,
996,2021-10-13,SOFR,0.05,-0.01,0.03,0.05,0.15,907,,,,,,,,,,,
997,2021-10-12,SOFR,0.05,-0.01,0.03,0.05,0.15,925,,,,,,,,,,,
998,2021-10-08,SOFR,0.05,0.0,0.04,0.05,0.15,887,,,,,,,,,,,
999,2021-10-07,SOFR,0.05,0.0,0.04,0.05,0.15,911,,,,,,,,,,,
1000,2021-10-06,SOFR,0.05,0.0,0.04,0.05,0.15,902,,,,,,,,,,,
1001,2021-10-05,SOFR,0.05,0.0,0.04,0.05,0.15,916,,,,,,,,,,,
1002,2021-10-04,SOFR,0.05,0.0,0.04,0.05,0.15,925,,,,,,,,,,,
1003,2021-10-01,SOFR,0.05,0.0,0.04,0.05,0.15,928,,,,,,,,,,,
1004,2021-09-30,SOFR,0.05,-0.01,0.03,0.05,0.15,939,,,,,,,,,,,
1005,2021-09-29,SOFR,0.05,-0.02,0.03,0.05,0.15,872,,,,,,,,,,,
1006,2021-09-28,SOFR,0.05,0.0,0.04,0.05,0.15,883,,,,,,,,,,,
1007,2021-09-27,SOFR,0.05,0.0,0.04,0.05,0.15,927,,,,,,,,,,,
1008,2021-09-24,SOFR,0.05,0.0,0.04,0.05,0.15,896,,,,,,,,,,,
1009,2021-09-23,SOFR,0.05,0.0,0.03,0.05,0.15,878,,,,,,,,,,,
1010,2021-09-22,SOFR,0.05,0.0,0.03,0.05,0.15,879,,,,,,,,,,,
1011,2021-09-21,SOFR,0.05,0.0,0.03,0.05,0.15,894,,,,,,,,,,,
1012,2021-09-20,SOFR,0.05,0.0,0.03,0.05,0.15,928,,,,,,,,,,,
1013,2021-09-17,SOFR,0.05,0.01,0.04,0.05,0.15,884,,,,,,,,,,,
1014,2021-09-16,SOFR,0.05,0.02,0.05,0.05,0.15,905,,,,,,,,,,,
1015,2021-09-15,SOFR,0.05,0.02,0.05,0.06,0.15,942,,,,,,,,,,,
1016,2021-09-14,SOFR,0.05,0.01,0.04,0.05,0.15,893,,,,,,,,,,,
1017,2021-09-13,SOFR,0.05,0.01,0.05,0.05,0.15,914,,,,,,,,,,,
1018,2021-09-10,SOFR,0.05,0.02,0.05,0.06,0.15,891,,,,,,,,,,,
1019,2021-09-09,SOFR,0.05,0.01,0.05,0.05,0.15,917,,,,,,,,,,,
1020,2021-09-08,SOFR,0.05,0.01,0.05,0.05,0.15,896,,,,,,,,,,,
1021,2021-09-07,SOFR,0.05,0.01,0.05,0.06,0.15,945,,,,,,,,,,,
1022,2021-09-03,SOFR,0.05,0.02,0.05,0.06,0.15,883,,,,,,,,,,,
1023,2021-09-02,SOFR,0.05,0.02,0.05,0.06,0.15,952,,,,,,,,,,,
1024,2021-09-01,SOFR,0.05,0.02,0.05,0.06,0.15,936,,,,,,,,,,,
1025,2021-08-31,SOFR,0.05,0.02,0.05,0.06,0.15,953,,,,,,,,,,,
1026,2021-08-30,SOFR,0.05,0.0,0.04,0.05,0.15,885,,,,,,,,,,,
1027,2021-08-27,SOFR,0.05,0.0,0.04,0.05,0.15,920,,,,,,,,,,,
1028,2021-08-26,SOFR,0.05,0.01,0.05,0.05,0.15,864,,,,,,,,,,,
1029,2021-08-25,SOFR,0.05,0.0,0.04,0.05,0.15,912,,,,,,,,,,,
1030,2021-08-24,SOFR,0.05,0.0,0.04,0.05,0.15,923,,,,,,,,,,,
1031,2021-08-23,SOFR,0.05,0.0,0.03,0.05,0.15,899,,,,,,,,,,,
1032,2021-08-20,SOFR,0.05,0.0,0.03,0.05,0.15,902,,,,,,,,,,,
1033,2021-08-19,SOFR,0.05,0.0,0.03,0.05,0.15,925,,,,,,,,,,,
1034,2021-08-18,SOFR,0.05,0.0,0.04,0.05,0.15,935,,,,,,,,,,,
1035,2021-08-17,SOFR,0.05,0.01,0.05,0.05,0.15,905,,,,,,,,,,,
1036,2021-08-16,SOFR,0.05,0.01,0.05,0.06,0.15,906,,,,,,,,,,,
1037,2021-08-13,SOFR,0.05,0.0,0.04,0.05,0.15,893,,,,,,,,,,,
1038,2021-08-12,SOFR,0.05,0.0,0.04,0.05,0.15,909,,,,,,,,,,,
1039,2021-08-11,SOFR,0.05,0.0,0.04,0.05,0.15,904,,,,,,,,,,,
1040,2021-08-10,SOFR,0.05,0.01,0.04,0.05,0.15,865,,,,,,,,,,,
1041,2021-08-09,SOFR,0.05,0.02,0.05,0.06,0.15,884,,,,,,,,,,,
1042,2021-08-06,SOFR,0.05,0.02,0.05,0.06,0.15,891,,,,,,,,,,,
1043,2021-08-05,SOFR,0.05,,,,,901,,,,,,,,,,,2.0
1044,2021-08-04,SOFR,0.05,0.02,0.05,0.06,0.15,926,,,,,,,,,,,
1045,2021-08-03,SOFR,0.05,0.02,0.05,0.06,0.15,974,,,,,,,,,,,
1046,2021-08-02,SOFR,0.05,0.01,0.05,0.06,0.15,986,,,,,,,,,,,
1047,2021-07-30,SOFR,0.05,0.0,0.03,0.05,0.15,903,,,,,,,,,,,
1048,2021-07-29,SOFR,0.05,0.01,0.04,0.05,0.15,877,,,,,,,,,,,
1049,2021-07-28,SOFR,0.05,0.01,0.04,0.05,0.15,862,,,,,,,,,,,
1050,2021-07-27,SOFR,0.05,0.01,0.04,0.05,0.15,874,,,,,,,,,,,
1051,2021-07-26,SOFR,0.05,0.01,0.04,0.05,0.15,881,,,,,,,,,,,
1052,2021-07-23,SOFR,0.05,0.01,0.04,0.05,0.15,861,,,,,,,,,,,
1053,2021-07-22,SOFR,0.05,0.01,0.04,0.05,0.15,849,,,,,,,,,,,
1054,2021-07-21,SOFR,0.05,0.0,0.03,0.05,0.15,913,,,,,,,,,,,
1055,2021-07-20,SOFR,0.05,0.01,0.04,0.05,0.15,855,,,,,,,,,,,
1056,2021-07-19,SOFR,0.05,0.0,0.03,0.05,0.15,888,,,,,,,,,,,
1057,2021-07-16,SOFR,0.05,0.02,0.04,0.05,0.15,864,,,,,,,,,,,
1058,2021-07-15,SOFR,0.05,0.02,0.05,0.06,0.15,933,,,,,,,,,,,
1059,2021-07-14,SOFR,0.05,0.0,0.04,0.05,0.15,908,,,,,,,,,,,
1060,2021-07-13,SOFR,0.05,0.01,0.04,0.05,0.15,875,,,,,,,,,,,
1061,2021-07-12,SOFR,0.05,0.01,0.04,0.05,0.15,855,,,,,,,,,,,
1062,2021-07-09,SOFR,0.05,0.0,0.04,0.05,0.15,911,,,,,,,,,,,
1063,2021-07-08,SOFR,0.05,0.01,0.05,0.06,0.15,874,,,,,,,,,,,
1064,2021-07-07,SOFR,0.05,0.0,0.05,0.06,0.15,905,,,,,,,,,,,
1065,2021-07-06,SOFR,0.05,0.0,0.05,0.06,0.15,934,,,,,,,,,,,
1066,2021-07-02,SOFR,0.05,0.0,0.05,0.06,0.15,910,,,,,,,,,,,
1067,2021-07-01,SOFR,0.05,0.0,0.04,0.06,0.15,938,,,,,,,,,,,
1068,2021-06-30,SOFR,0.05,-0.02,0.03,0.05,0.15,871,,,,,,,,,,,
1069,2021-06-29,SOFR,0.05,-0.02,0.02,0.05,0.15,850,,,,,,,,,,,
1070,2021-06-28,SOFR,0.05,-0.01,0.04,0.05,0.15,853,,,,,,,,,,,
1071,2021-06-25,SOFR,0.05,0.0,0.04,0.06,0.15,850,,,,,,,,,,,
1072,2021-06-24,SOFR,0.05,-0.01,0.04,0.05,0.15,868,,,,,,,,,,,
1073,2021-06-23,SOFR,0.05,-0.02,0.03,0.05,0.15,835,,,,,,,,,,,
1074,2021-06-22,SOFR,0.05,-0.01,0.03,0.05,0.15,888,,,,,,,,,,,
1075,2021-06-21,SOFR,0.05,0.0,0.03,0.05,0.15,894,,,,,,,,,,,
1076,2021-06-18,SOFR,0.05,0.0,0.04,0.06,0.15,921,,,,,,,,,,,
1077,2021-06-17,SOFR,0.05,0.0,0.04,0.06,0.15,998,,,,,,,,,,,
1078,2021-06-16,SOFR,0.01,-0.02,0.0,0.01,0.15,900,,,,,,,,,,,
1079,2021-06-15,SOFR,0.01,-0.02,0.0,0.01,0.15,905,,,,,,,,,,,
1080,2021-06-14,SOFR,0.01,-0.04,0.0,0.01,0.15,877,,,,,,,,,,,
1081,2021-06-11,SOFR,0.01,-0.02,0.0,0.01,0.15,834,,,,,,,,,,,
1082,2021-06-10,SOFR,0.01,-0.02,0.01,0.01,0.15,904,,,,,,,,,,,
1083,2021-06-09,SOFR,0.01,-0.03,0.0,0.01,0.15,896,,,,,,,,,,,
1084,2021-06-08,SOFR,0.01,-0.03,0.0,0.01,0.15,896,,,,,,,,,,,
1085,2021-06-07,SOFR,0.01,-0.03,0.0,0.01,0.15,921,,,,,,,,,,,
1086,2021-06-04,SOFR,0.01,-0.02,0.01,0.01,0.15,898,,,,,,,,,,,
1087,2021-06-03,SOFR,0.01,-0.02,0.01,0.01,0.15,903,,,,,,,,,,,
1088,2021-06-02,SOFR,0.01,-0.03,0.01,0.01,0.15,953,,,,,,,,,,,
1089,2021-06-01,SOFR,0.01,-0.03,0.0,0.01,0.15,977,,,,,,,,,,,
1090,2021-05-28,SOFR,0.01,-0.05,-0.01,0.01,0.15,868,,,,,,,,,,,
1091,2021-05-27,SOFR,0.01,-0.05,-0.01,0.01,0.15,877,,,,,,,,,,,
1092,2021-05-26,SOFR,0.01,-0.05,-0.01,0.01,0.15,869,,,,,,,,,,,
1093,2021-05-25,SOFR,0.01,-0.05,-0.01,0.01,0.15,877,,,,,,,,,,,
1094,2021-05-24,SOFR,0.01,-0.05,-0.01,0.01,0.15,858,,,,,,,,,,,
1095,2021-05-21,SOFR,0.01,-0.05,-0.01,0.01,0.15,857,,,,,,,,,,,
1096,2021-05-20,SOFR,0.01,-0.04,0.0,0.01,0.15,872,,,,,,,,,,,
1097,2021-05-19,SOFR,0.01,-0.04,0.0,0.01,0.15,891,,,,,,,,,,,
1098,2021-05-18,SOFR,0.01,-0.03,0.0,0.01,0.15,888,,,,,,,,,,,
1099,2021-05-17,SOFR,0.01,-0.03,0.0,0.01,0.15,902,,,,,,,,,,,
1100,2021-05-14,SOFR,0.01,-0.04,-0.01,0.01,0.15,865,,,,,,,,,,,
1101,2021-05-13,SOFR,0.01,-0.03,0.0,0.01,0.15,860,,,,,,,,,,,
1102,2021-05-12,SOFR,0.01,-0.03,0.0,0.01,0.15,895,,,,,,,,,,,
1103,2021-05-11,SOFR,0.01,-0.02,0.01,0.01,0.15,865,,,,,,,,,,,
1104,2021-05-10,SOFR,0.01,-0.02,0.01,0.01,0.15,869,,,,,,,,,,,
1105,2021-05-07,SOFR,0.01,-0.02,0.01,0.01,0.15,869,,,,,,,,,,,
1106,2021-05-06,SOFR,0.01,-0.02,0.01,0.01,0.15,883,,,,,,,,,,,
1107,2021-05-05,SOFR,0.01,-0.02,0.01,0.01,0.15,841,,,,,,,,,,,
1108,2021-05-04,SOFR,0.01,-0.02,0.01,0.01,0.15,895,,,,,,,,,,,
1109,2021-05-03,SOFR,0.01,-0.02,0.01,0.01,0.15,930,,,,,,,,,,,
1110,2021-04-30,SOFR,0.01,-0.02,0.0,0.01,0.15,924,,,,,,,,,,,
1111,2021-04-29,SOFR,0.01,-0.03,0.0,0.01,0.15,838,,,,,,,,,,,
1112,2021-04-28,SOFR,0.01,-0.03,0.0,0.01,0.15,847,,,,,,,,,,,
1113,2021-04-27,SOFR,0.01,-0.03,0.0,0.01,0.15,879,,,,,,,,,,,
1114,2021-04-26,SOFR,0.01,-0.03,0.0,0.01,0.15,875,,,,,,,,,,,
1115,2021-04-23,SOFR,0.01,-0.02,0.0,0.01,0.15,871,,,,,,,,,,,
1116,2021-04-22,SOFR,0.01,-0.02,0.0,0.01,0.15,870,,,,,,,,,,,
1117,2021-04-21,SOFR,0.01,-0.03,0.0,0.01,0.15,882,,,,,,,,,,,
1118,2021-04-20,SOFR,0.01,-0.03,0.0,0.01,0.15,896,,,,,,,,,,,
1119,2021-04-19,SOFR,0.01,-0.03,0.0,0.01,0.15,919,,,,,,,,,,,
1120,2021-04-16,SOFR,0.01,-0.02,0.0,0.01,0.15,913,,,,,,,,,,,
1121,2021-04-15,SOFR,0.01,-0.02,0.01,0.01,0.15,928,,,,,,,,,,,
1122,2021-04-14,SOFR,0.01,-0.03,0.0,0.01,0.15,883,,,,,,,,,,,
1123,2021-04-13,SOFR,0.01,-0.02,0.0,0.01,0.15,894,,,,,,,,,,,
1124,2021-04-12,SOFR,0.01,-0.02,0.0,0.01,0.15,863,,,,,,,,,,,
1125,2021-04-09,SOFR,0.01,-0.02,0.0,0.01,0.15,867,,,,,,,,,,,
1126,2021-04-08,SOFR,0.01,-0.01,0.01,0.01,0.15,896,,,,,,,,,,,
1127,2021-04-07,SOFR,0.01,0.0,0.01,0.02,0.15,924,,,,,,,,,,,
1128,2021-04-06,SOFR,0.01,0.0,0.01,0.04,0.15,979,,,,,,,,,,,
1129,2021-04-05,SOFR,0.01,0.0,0.01,0.04,0.15,985,,,,,,,,,,,
1130,2021-04-01,SOFR,0.01,0.0,0.01,0.03,0.15,989,,,,,,,,,,,
1131,2021-03-31,SOFR,0.01,-0.02,0.0,0.01,0.15,931,,,,,,,,,,,
1132,2021-03-30,SOFR,0.01,-0.02,0.01,0.02,0.15,808,,,,,,,,,,,
1133,2021-03-29,SOFR,0.01,0.0,0.01,0.03,0.15,858,,,,,,,,,,,
1134,2021-03-26,SOFR,0.01,0.0,0.01,0.03,0.15,924,,,,,,,,,,,
1135,2021-03-25,SOFR,0.01,0.0,0.01,0.03,0.15,956,,,,,,,,,,,
1136,2021-03-24,SOFR,0.01,-0.01,0.01,0.01,0.15,895,,,,,,,,,,,
1137,2021-03-23,SOFR,0.01,-0.03,0.0,0.01,0.15,896,,,,,,,,,,,
1138,2021-03-22,SOFR,0.01,-0.05,0.0,0.01,0.15,869,,,,,,,,,,,
1139,2021-03-19,SOFR,0.01,-0.04,0.0,0.01,0.15,865,,,,,,,,,,,
1140,2021-03-18,SOFR,0.01,-0.03,0.01,0.01,0.15,868,,,,,,,,,,,
1141,2021-03-17,SOFR,0.01,-0.01,0.01,0.01,0.15,883,,,,,,,,,,,
1142,2021-03-16,SOFR,0.01,-0.01,0.01,0.01,0.15,914,,,,,,,,,,,
1143,2021-03-15,SOFR,0.01,0.0,0.01,0.02,0.15,898,,,,,,,,,,,
1144,2021-03-12,SOFR,0.01,-0.03,0.0,0.01,0.15,889,,,,,,,,,,,
1145,2021-03-11,SOFR,0.01,-0.01,0.01,0.03,0.15,884,,,,,,,,,,,
1146,2021-03-10,SOFR,0.02,0.0,0.01,0.04,0.15,914,,,,,,,,,,,
1147,2021-03-09,SOFR,0.02,0.0,0.01,0.03,0.15,914,,,,,,,,,,,
1148,2021-03-08,SOFR,0.02,0.0,0.01,0.04,0.15,928,,,,,,,,,,,
1149,2021-03-05,SOFR,0.02,0.0,0.01,0.03,0.15,933,,,,,,,,,,,
1150,2021-03-04,SOFR,0.02,0.01,0.01,0.04,0.15,936,,,,,,,,,,,
1151,2021-03-03,SOFR,0.04,0.02,0.03,0.06,0.15,897,,,,,,,,,,,
1152,2021-03-02,SOFR,0.04,0.01,0.02,0.05,0.15,951,,,,,,,,,,,
1153,2021-03-01,SOFR,0.02,0.0,0.01,0.04,0.15,988,,,,,,,,,,,
1154,2021-02-26,SOFR,0.01,-0.02,0.01,0.01,0.15,889,,,,,,,,,,,
1155,2021-02-25,SOFR,0.03,0.01,0.02,0.05,0.15,896,,,,,,,,,,,
1156,2021-02-24,SOFR,0.02,0.01,0.01,0.04,0.15,870,,,,,,,,,,,
1157,2021-02-23,SOFR,0.01,0.0,0.01,0.03,0.15,917,,,,,,,,,,,
1158,2021-02-22,SOFR,0.03,0.01,0.02,0.04,0.15,860,,,,,,,,,,,
1159,2021-02-19,SOFR,0.02,0.01,0.01,0.04,0.15,873,,,,,,,,,,,
1160,2021-02-18,SOFR,0.03,0.02,0.02,0.05,0.15,872,,,,,,,,,,,
1161,2021-02-17,SOFR,0.06,0.03,0.05,0.08,0.15,957,,,,,,,,,,,
1162,2021-02-16,SOFR,0.06,0.04,0.05,0.08,0.15,934,,,,,,,,,,,
1163,2021-02-12,SOFR,0.05,0.02,0.03,0.07,0.15,890,,,,,,,,,,,
1164,2021-02-11,SOFR,0.06,0.03,0.04,0.08,0.15,891,,,,,,,,,,,
1165,2021-02-10,SOFR,0.06,0.04,0.05,0.09,0.15,884,,,,,,,,,,,
1166,2021-02-09,SOFR,0.05,0.03,0.03,0.07,0.15,901,,,,,,,,,,,
1167,2021-02-08,SOFR,0.02,0.01,0.01,0.05,0.15,920,,,,,,,,,,,
1168,2021-02-05,SOFR,0.02,0.01,0.01,0.04,0.15,933,,,,,,,,,,,
1169,2021-02-04,SOFR,0.05,0.03,0.03,0.06,0.15,989,,,,,,,,,,,
1170,2021-02-03,SOFR,0.07,0.03,0.06,0.1,0.15,962,,,,,,,,,,,
1171,2021-02-02,SOFR,0.07,0.04,0.06,0.09,0.15,968,,,,,,,,,,,
1172,2021-02-01,SOFR,0.07,0.04,0.05,0.09,0.15,1010,,,,,,,,,,,
1173,2021-01-29,SOFR,0.06,0.03,0.04,0.07,0.15,915,,,,,,,,,,,
1174,2021-01-28,SOFR,0.04,0.02,0.03,0.06,0.15,906,,,,,,,,,,,
1175,2021-01-27,SOFR,0.03,0.01,0.02,0.04,0.15,913,,,,,,,,,,,
1176,2021-01-26,SOFR,0.03,0.01,0.02,0.05,0.15,926,,,,,,,,,,,
1177,2021-01-25,SOFR,0.06,0.03,0.05,0.09,0.15,885,,,,,,,,,,,
1178,2021-01-22,SOFR,0.05,0.03,0.04,0.07,0.15,906,,,,,,,,,,,
1179,2021-01-21,SOFR,0.04,0.01,0.02,0.05,0.15,922,,,,,,,,,,,
1180,2021-01-20,SOFR,0.06,0.02,0.04,0.07,0.15,883,,,,,,,,,,,
1181,2021-01-19,SOFR,0.07,0.04,0.05,0.09,0.15,936,,,,,,,,,,,
1182,2021-01-15,SOFR,0.08,0.05,0.05,0.1,0.15,904,,,,,,,,,,,
1183,2021-01-14,SOFR,0.08,0.04,0.05,0.1,0.16,887,,,,,,,,,,,
1184,2021-01-13,SOFR,0.08,0.05,0.05,0.1,0.15,911,,,,,,,,,,,
1185,2021-01-12,SOFR,0.08,0.05,0.06,0.11,0.16,918,,,,,,,,,,,
1186,2021-01-11,SOFR,0.09,0.05,0.07,0.11,0.17,964,,,,,,,,,,,
1187,2021-01-08,SOFR,0.09,0.06,0.07,0.12,0.17,992,,,,,,,,,,,
1188,2021-01-07,SOFR,0.1,0.06,0.08,0.12,0.18,951,,,,,,,,,,,
1189,2021-01-06,SOFR,0.1,0.07,0.08,0.13,0.18,978,,,,,,,,,,,
1190,2021-01-05,SOFR,0.11,0.06,0.08,0.13,0.18,986,,,,,,,,,,,
1191,2021-01-04,SOFR,0.1,0.05,0.07,0.12,0.17,1046,,,,,,,,,,,
